No,Time,Obs,Fitted,dual,Type,Position
1,1,-38.625,-7.377,-3.12E+01,1,1
2,2,-39,-13.051,-2.59E+01,1,1
3,3,-39,-16.771,-2.22E+01,1,1
4,4,-39.625,-19.691,-1.99E+01,1,1
5,5,-39,-21.949,-1.71E+01,1,1
6,6,-39.75,-23.943,-1.58E+01,1,1
7,7,-40,-25.659,-1.43E+01,1,1
8,8,-40,-27.182,-1.28E+01,1,1
9,9,-40,-28.552,-1.14E+01,1,1
10,10,-32.875,-24.636,-8.24E+00,1,1
11,11,8.375,-13.739,2.21E+01,1,1
12,12,6.25,-9.839,1.61E+01,1,1
13,13,4.125,-4.176,8.30E+00,1,1
14,14,2,-4.207,6.21E+00,1,1
15,15,0.375,-5.44,5.82E+00,1,1
16,16,-0.5,-6.664,6.16E+00,1,1
17,17,-2.375,-7.822,5.45E+00,1,1
18,18,-4.5,-8.98,4.48E+00,1,1
19,19,-6.625,-10.048,3.42E+00,1,1
20,20,-8.5,-11.119,2.62E+00,1,1
21,21,-10.25,-12.215,1.97E+00,1,1
22,22,-11.625,-13.344,1.72E+00,1,1
23,23,-13.25,-14.373,1.12E+00,1,1
24,24,-14.5,-15.433,9.33E-01,1,1
25,25,-16.25,-16.412,1.62E-01,1,1
26,26,-17.5,-17.387,-1.13E-01,1,1
27,27,-19.25,-18.264,-9.86E-01,1,1
28,28,-21.375,-19.166,-2.21E+00,1,1
29,29,-23.125,-20.027,-3.10E+00,1,1
30,30,-24.875,-20.9,-3.98E+00,1,1
31,31,-26.375,-21.798,-4.58E+00,1,1
32,32,-27.5,-22.699,-4.80E+00,1,1
33,33,-28.25,-23.609,-4.64E+00,1,1
34,34,-29,-24.501,-4.50E+00,1,1
35,35,-29.75,-25.38,-4.37E+00,1,1
36,36,-30,-26.234,-3.77E+00,1,1
37,37,-30,-27.028,-2.97E+00,1,1
38,38,-30,-27.78,-2.22E+00,1,1
39,39,-30,-28.492,-1.51E+00,1,1
40,40,-30,-29.162,-8.38E-01,1,1
41,41,-30,-29.805,-1.95E-01,1,1
42,42,-30.625,-30.39,-2.35E-01,1,1
43,43,-31,-30.955,-4.52E-02,1,1
44,44,-31,-31.481,4.81E-01,1,1
45,45,-31,-31.984,9.84E-01,1,1
46,46,-31,-32.475,1.47E+00,1,1
47,47,-31.5,-32.937,1.44E+00,1,1
48,48,-32,-33.384,1.38E+00,1,1
49,49,-32.25,-33.802,1.55E+00,1,1
50,50,-33,-34.201,1.20E+00,1,1
51,51,-33.625,-34.588,9.63E-01,1,1
52,52,-34.5,-34.947,4.47E-01,1,1
53,53,-35,-35.308,3.08E-01,1,1
54,54,-35,-35.661,6.61E-01,1,1
55,55,-35.5,-36.014,5.14E-01,1,1
56,56,-36,-36.367,3.67E-01,1,1
57,57,-36,-36.473,4.73E-01,1,1
58,58,-36,-36.489,4.89E-01,1,1
59,59,-36,-36.568,5.68E-01,1,1
60,60,-36,-36.37,3.70E-01,1,1
61,61,-36,-36.403,4.03E-01,1,1
62,62,-36,-36.79,7.90E-01,1,1
63,63,-36,-37.213,1.21E+00,1,1
64,64,-36,-37.614,1.61E+00,1,1
65,65,-36,-37.994,1.99E+00,1,1
66,66,-36,-38.355,2.36E+00,1,1
67,67,-36,-38.687,2.69E+00,1,1
68,68,-36.25,-39.004,2.75E+00,1,1
69,69,-37,-39.309,2.31E+00,1,1
70,70,-37,-39.609,2.61E+00,1,1
71,71,-37,-39.909,2.91E+00,1,1
72,72,-37,-40.198,3.20E+00,1,1
73,73,-37,-40.482,3.48E+00,1,1
74,74,-37.625,-40.754,3.13E+00,1,1
75,75,-38.25,-41.014,2.76E+00,1,1
76,76,-39,-41.265,2.27E+00,1,1
77,77,-40,-41.503,1.50E+00,1,1
78,78,-40.75,-41.739,9.89E-01,1,1
79,79,-41,-41.969,9.69E-01,1,1
80,80,-41,-42.195,1.19E+00,1,1
81,81,-41,-42.418,1.42E+00,1,1
82,82,-41,-42.634,1.63E+00,1,1
83,83,-41,-42.847,1.85E+00,1,1
84,84,-41,-43.057,2.06E+00,1,1
85,85,-41,-43.266,2.27E+00,1,1
86,86,-41,-43.478,2.48E+00,1,1
87,87,-41,-43.686,2.69E+00,1,1
88,88,-41,-43.891,2.89E+00,1,1
89,89,-40,-44.095,4.09E+00,1,1
90,90,-40,-44.08,4.08E+00,1,1
91,91,-40,-43.522,3.52E+00,1,1
92,92,-40,-42.899,2.90E+00,1,1
93,93,-39.75,-42.451,2.70E+00,1,1
94,94,-38.625,-41.972,3.35E+00,1,1
95,95,-38.875,-42.014,3.14E+00,1,1
96,96,-39,-42.363,3.36E+00,1,1
97,97,-39,-42.75,3.75E+00,1,1
98,98,-39.625,-43.107,3.48E+00,1,1
99,99,-40.375,-43.41,3.04E+00,1,1
100,100,-41.375,-43.671,2.30E+00,1,1
101,101,-42.5,-43.897,1.40E+00,1,1
102,102,-43,-44.09,1.09E+00,1,1
103,103,-43.25,-44.257,1.01E+00,1,1
104,104,-44,-44.407,4.07E-01,1,1
105,105,-44,-44.544,5.44E-01,1,1
106,106,-44,-44.675,6.75E-01,1,1
107,107,-44,-44.8,8.00E-01,1,1
108,108,-43,-44.921,1.92E+00,1,1
109,109,-43,-45.042,2.04E+00,1,1
110,110,-43,-45.163,2.16E+00,1,1
111,111,-43,-45.289,2.29E+00,1,1
112,112,-43,-45.415,2.41E+00,1,1
113,113,-43,-45.542,2.54E+00,1,1
114,114,-42.25,-45.666,3.42E+00,1,1
115,115,-42,-45.787,3.79E+00,1,1
116,116,-42,-45.905,3.90E+00,1,1
117,117,-42,-46.018,4.02E+00,1,1
118,118,-42.5,-46.128,3.63E+00,1,1
119,119,-43,-45.799,2.80E+00,1,1
120,120,-41.125,-44.563,3.44E+00,1,1
121,121,-39,-43.417,4.42E+00,1,1
122,122,-39,-42.773,3.77E+00,1,1
123,123,-39.125,-42.141,3.02E+00,1,1
124,124,-40,-41.603,1.60E+00,1,1
125,125,-40.875,-41.337,4.62E-01,1,1
126,126,-41.125,-41.183,5.79E-02,1,1
127,127,-42,-41.375,-6.25E-01,1,1
128,128,-42.375,-41.603,-7.72E-01,1,1
129,129,-43,-41.809,-1.19E+00,1,1
130,130,-43,-41.994,-1.01E+00,1,1
131,131,-43,-42.163,-8.37E-01,1,1
132,132,-43,-42.326,-6.74E-01,1,1
133,133,-43,-42.481,-5.19E-01,1,1
134,134,-43,-42.631,-3.69E-01,1,1
135,135,-43,-42.775,-2.25E-01,1,1
136,136,-43,-42.918,-8.24E-02,1,1
137,137,-43,-42.071,-9.29E-01,1,1
138,138,-43,-38.903,-4.10E+00,1,1
139,139,-43,-36.489,-6.51E+00,1,1
140,140,-42,-36.098,-5.90E+00,1,1
141,141,-41,-36.468,-4.53E+00,1,1
142,142,-41,-37.174,-3.83E+00,1,1
143,143,-41,-37.805,-3.20E+00,1,1
144,144,-41,-38.335,-2.67E+00,1,1
145,145,-41,-38.75,-2.25E+00,1,1
146,146,-41,-39.091,-1.91E+00,1,1
147,147,-41.75,-39.388,-2.36E+00,1,1
148,148,-42,-39.645,-2.35E+00,1,1
149,149,-42.875,-39.884,-2.99E+00,1,1
150,150,-43,-40.118,-2.88E+00,1,1
151,151,-44,-40.353,-3.65E+00,1,1
152,152,-44,-40.598,-3.40E+00,1,1
153,153,-44,-40.86,-3.14E+00,1,1
154,154,-44,-41.139,-2.86E+00,1,1
155,155,-44,-41.08,-2.92E+00,1,1
156,156,-44,-40.433,-3.57E+00,1,1
157,157,-44,-39.726,-4.27E+00,1,1
158,158,-44,-38.307,-5.69E+00,1,1
159,159,-43.25,-36.694,-6.56E+00,1,1
160,160,-43,-36.395,-6.60E+00,1,1
161,161,-42.375,-36.702,-5.67E+00,1,1
162,162,-41.5,-37.173,-4.33E+00,1,1
163,163,-41,-37.904,-3.10E+00,1,1
164,164,-41,-38.586,-2.41E+00,1,1
165,165,-41,-39.183,-1.82E+00,1,1
166,166,-40.625,-39.69,-9.35E-01,1,1
167,167,-41,-40.138,-8.62E-01,1,1
168,168,-41,-40.533,-4.67E-01,1,1
169,169,-41,-40.892,-1.08E-01,1,1
170,170,-41.75,-41.228,-5.22E-01,1,1
171,171,-42.5,-41.547,-9.53E-01,1,1
172,172,-43.625,-41.858,-1.77E+00,1,1
173,173,-44.75,-42.155,-2.60E+00,1,1
174,174,-45.5,-42.455,-3.05E+00,1,1
175,175,-46,-42.757,-3.24E+00,1,1
176,176,-46,-43.063,-2.94E+00,1,1
177,177,-46,-43.376,-2.62E+00,1,1
178,178,-46,-43.686,-2.31E+00,1,1
179,179,-46,-43.998,-2.00E+00,1,1
180,180,-46,-44.307,-1.69E+00,1,1
181,181,-45.75,-44.614,-1.14E+00,1,1
182,182,-45,-44.922,-7.81E-02,1,1
183,183,-45,-45.218,2.18E-01,1,1
184,184,-45,-45.515,5.15E-01,1,1
185,185,-45,-45.801,8.01E-01,1,1
186,186,-45,-46.074,1.07E+00,1,1
187,187,-45,-46.342,1.34E+00,1,1
188,188,-45,-46.598,1.60E+00,1,1
189,189,-45,-46.85,1.85E+00,1,1
190,190,-45,-47.093,2.09E+00,1,1
191,191,-45,-47.334,2.33E+00,1,1
192,192,-45,-47.564,2.56E+00,1,1
193,193,-45.375,-47.785,2.41E+00,1,1
194,194,-46,-47.997,2.00E+00,1,1
195,195,-46.75,-48.199,1.45E+00,1,1
196,196,-47.5,-48.392,8.92E-01,1,1
197,197,-48,-48.579,5.79E-01,1,1
198,198,-49,-48.756,-2.44E-01,1,1
199,199,-49,-48.93,-7.03E-02,1,1
200,200,-49,-49.101,1.01E-01,1,1
201,201,-49,-49.27,2.70E-01,1,1
202,202,-49,-49.433,4.33E-01,1,1
203,203,-49,-49.594,5.94E-01,1,1
204,204,-48,-49.75,1.75E+00,1,1
205,205,-48,-49.902,1.90E+00,1,1
206,206,-48,-50.048,2.05E+00,1,1
207,207,-48,-50.192,2.19E+00,1,1
208,208,-48,-50.331,2.33E+00,1,1
209,209,-47.875,-50.469,2.59E+00,1,1
210,210,-47.375,-50.603,3.23E+00,1,1
211,211,-47.375,-50.734,3.36E+00,1,1
212,212,-47,-50.864,3.86E+00,1,1
213,213,-47,-50.989,3.99E+00,1,1
214,214,-47,-51.114,4.11E+00,1,1
215,215,-47,-50.94,3.94E+00,1,1
216,216,-47.75,-49.552,1.80E+00,1,1
217,217,-47.25,-47.777,5.27E-01,1,1
218,218,-46,-47.556,1.56E+00,1,1
219,219,-46,-47.762,1.76E+00,1,1
220,220,-46,-48.047,2.05E+00,1,1
221,221,-47,-48.315,1.32E+00,1,1
222,222,-47.75,-48.536,7.86E-01,1,1
223,223,-48,-48.726,7.26E-01,1,1
224,224,-48.125,-48.875,7.50E-01,1,1
225,225,-48.125,-48.995,8.70E-01,1,1
226,226,-48,-49.097,1.10E+00,1,1
227,227,-48,-49.186,1.19E+00,1,1
228,228,-48,-49.266,1.27E+00,1,1
229,229,-48,-49.343,1.34E+00,1,1
230,230,-48,-49.417,1.42E+00,1,1
231,231,-48,-49.492,1.49E+00,1,1
232,232,-48,-49.567,1.57E+00,1,1
233,233,-48,-49.644,1.64E+00,1,1
234,234,-48,-48.702,7.02E-01,1,1
235,235,-48,-45.826,-2.17E+00,1,1
236,236,-48,-42.454,-5.55E+00,1,1
237,237,-47.75,-39.553,-8.20E+00,1,1
238,238,-47,-39.212,-7.79E+00,1,1
239,239,-46.5,-39.408,-7.09E+00,1,1
240,240,-46,-39.552,-6.45E+00,1,1
241,241,-45.375,-40.321,-5.05E+00,1,1
242,242,-45,-41.105,-3.89E+00,1,1
243,243,-45,-41.804,-3.20E+00,1,1
244,244,-45,-42.394,-2.61E+00,1,1
245,245,-45,-42.907,-2.09E+00,1,1
246,246,-45,-43.342,-1.66E+00,1,1
247,247,-45,-43.72,-1.28E+00,1,1
248,248,-45,-44.062,-9.38E-01,1,1
249,249,-45,-44.352,-6.48E-01,1,1
250,250,-45,-44.61,-3.90E-01,1,1
251,251,-45,-44.844,-1.56E-01,1,1
252,252,-45.5,-45.06,-4.40E-01,1,1
253,253,-46,-45.267,-7.33E-01,1,1
254,254,-46,-45.464,-5.36E-01,1,1
255,255,-45,-45.652,6.52E-01,1,1
256,256,-45,-45.833,8.33E-01,1,1
257,257,-45.125,-46.013,8.88E-01,1,1
258,258,-45.75,-46.193,4.43E-01,1,1
259,259,-46,-46.373,3.73E-01,1,1
260,260,-46,-46.555,5.55E-01,1,1
261,261,-46,-46.739,7.39E-01,1,1
262,262,-46,-46.924,9.24E-01,1,1
263,263,-46.125,-46.776,6.51E-01,1,1
264,264,-46.875,-45.955,-9.20E-01,1,1
265,265,-44.5,-45.357,8.57E-01,1,1
266,266,-42.625,-45.447,2.82E+00,1,1
267,267,-42,-45.701,3.70E+00,1,1
268,268,-41.625,-45.97,4.34E+00,1,1
269,269,-42.375,-46.204,3.83E+00,1,1
270,270,-43.25,-46.4,3.15E+00,1,1
271,271,-44.375,-46.563,2.19E+00,1,1
272,272,-45,-46.701,1.70E+00,1,1
273,273,-45,-46.823,1.82E+00,1,1
274,274,-45,-46.932,1.93E+00,1,1
275,275,-45,-45.155,1.55E-01,1,1
276,276,-45,-42.128,-2.87E+00,1,1
277,277,-45,-41.961,-3.04E+00,1,1
278,278,-44.75,-42.34,-2.41E+00,1,1
279,279,-44,-42.81,-1.19E+00,1,1
280,280,-44,-43.271,-7.29E-01,1,1
281,281,-44,-43.701,-2.99E-01,1,1
282,282,-44,-44.11,1.10E-01,1,1
283,283,-44,-44.491,4.91E-01,1,1
284,284,-44,-44.837,8.37E-01,1,1
285,285,-44,-45.155,1.16E+00,1,1
286,286,-44.5,-45.454,9.54E-01,1,1
287,287,-44.75,-45.525,7.75E-01,1,1
288,288,-39.625,-43.126,3.50E+00,1,1
289,289,-16.25,-39.975,2.37E+01,1,1
290,290,-19.625,-39.611,2.00E+01,1,1
291,291,-23.875,-39.793,1.59E+01,1,1
292,292,-26.75,-40.197,1.34E+01,1,1
293,293,-29.5,-40.389,1.09E+01,1,1
294,294,-31.875,-40.366,8.49E+00,1,1
295,295,-33.875,-40.135,6.26E+00,1,1
296,296,-35.25,-39.833,4.58E+00,1,1
297,297,-36.75,-39.507,2.76E+00,1,1
298,298,-38,-39.188,1.19E+00,1,1
299,299,-38.125,-38.914,7.89E-01,1,1
300,300,-39,-38.7,-3.00E-01,1,1
301,301,-39,-38.536,-4.64E-01,1,1
302,302,-39,-38.413,-5.87E-01,1,1
303,303,-39,-38.315,-6.85E-01,1,1
304,304,-39.75,-38.243,-1.51E+00,1,1
305,305,-40,-38.186,-1.81E+00,1,1
306,306,-40,-38.146,-1.85E+00,1,1
307,307,-40,-38.128,-1.87E+00,1,1
308,308,-41,-38.128,-2.87E+00,1,1
309,309,-41,-38.15,-2.85E+00,1,1
310,310,-41,-38.189,-2.81E+00,1,1
311,311,-41,-37.634,-3.37E+00,1,1
312,312,-41.75,-34.848,-6.90E+00,1,1
313,313,-40.25,-32.919,-7.33E+00,1,1
314,314,-38.25,-33.365,-4.89E+00,1,1
315,315,-37.125,-33.939,-3.19E+00,1,1
316,316,-37.5,-34.383,-3.12E+00,1,1
317,317,-38.75,-34.656,-4.09E+00,1,1
318,318,-39.625,-34.829,-4.80E+00,1,1
319,319,-40.75,-34.936,-5.81E+00,1,1
320,320,-41.5,-35.016,-6.48E+00,1,1
321,321,-42,-35.109,-6.89E+00,1,1
322,322,-42.75,-35.232,-7.52E+00,1,1
323,323,-43,-35.383,-7.62E+00,1,1
324,324,-43,-35.547,-7.45E+00,1,1
325,325,-43,-35.717,-7.28E+00,1,1
326,326,-43,-35.887,-7.11E+00,1,1
327,327,-43,-36.061,-6.94E+00,1,1
328,328,-43,-36.243,-6.76E+00,1,1
329,329,-43,-36.427,-6.57E+00,1,1
330,330,-43,-36.608,-6.39E+00,1,1
331,331,-43,-36.783,-6.22E+00,1,1
332,332,-43,-36.948,-6.05E+00,1,1
333,333,-43,-37.109,-5.89E+00,1,1
334,334,-43,-36.511,-6.49E+00,1,1
335,335,-43,-30.784,-1.22E+01,1,1
336,336,-34.625,-27.732,-6.89E+00,1,1
337,337,-32.5,-28.706,-3.79E+00,1,1
338,338,-33.75,-29.504,-4.25E+00,1,1
339,339,-35.375,-29.77,-5.60E+00,1,1
340,340,-37.375,-29.717,-7.66E+00,1,1
341,341,-38.375,-29.294,-9.08E+00,1,1
342,342,-39,-28.871,-1.01E+01,1,1
343,343,-39.625,-28.752,-1.09E+01,1,1
344,344,-40.375,-28.703,-1.17E+01,1,1
345,345,-41.375,-28.752,-1.26E+01,1,1
346,346,-42,-28.9,-1.31E+01,1,1
347,347,-42.5,-29.102,-1.34E+01,1,1
348,348,-42.875,-23.243,-1.96E+01,1,1
349,349,-39.375,-21.746,-1.76E+01,1,1
350,350,-36.5,-22.757,-1.37E+01,1,1
351,351,-36,-23.154,-1.28E+01,1,1
352,352,-36,-21.662,-1.43E+01,1,1
353,353,-16.375,-1.892,-1.45E+01,1,1
354,354,6.75,1.289,5.46E+00,1,1
355,355,4.125,0.445,3.68E+00,1,1
356,356,1.875,-0.031,1.91E+00,1,1
357,357,0.00E+00,-5.10E-01,5.10E-01,1,1
358,358,-1.625,-0.636,-9.89E-01,1,1
359,359,-4.125,-1.511,-2.61E+00,1,1
360,360,-6.875,-2.328,-4.55E+00,1,1
361,361,-9.125,-3.049,-6.08E+00,1,1
362,362,-11.625,-3.762,-7.86E+00,1,1
363,363,-14.25,-4.513,-9.74E+00,1,1
364,364,-17.375,-5.523,-1.19E+01,1,1
365,365,-20.375,-6.55,-1.38E+01,1,1
366,366,-22.5,-7.817,-1.47E+01,1,1
367,367,-25,-9.254,-1.57E+01,1,1
368,368,-27.25,-10.787,-1.65E+01,1,1
369,369,-28.75,-12.365,-1.64E+01,1,1
370,370,-30.25,-13.954,-1.63E+01,1,1
371,371,-31.25,-15.383,-1.59E+01,1,1
372,372,-32,-16.744,-1.53E+01,1,1
373,373,-32,-17.972,-1.40E+01,1,1
374,374,-32.375,-19.174,-1.32E+01,1,1
375,375,-33,-20.247,-1.28E+01,1,1
376,376,-33,-21.239,-1.18E+01,1,1
377,377,-33,-22.19,-1.08E+01,1,1
378,378,-33,-23.067,-9.93E+00,1,1
379,379,-34,-23.945,-1.01E+01,1,1
380,380,-34,-24.719,-9.28E+00,1,1
381,381,-34,-25.466,-8.53E+00,1,1
382,382,-34,-26.176,-7.82E+00,1,1
383,383,-33.875,-26.34,-7.53E+00,1,1
384,384,-32.375,-25.586,-6.79E+00,1,1
385,385,-20.75,-24.958,4.21E+00,1,1
386,386,-11.5,-24.384,1.29E+01,1,1
387,387,-14.875,-23.139,8.26E+00,1,1
388,388,-19.375,-21.745,2.37E+00,1,1
389,389,-23.5,-20.629,-2.87E+00,1,1
390,390,-26.875,-19.886,-6.99E+00,1,1
391,391,-28.625,-19.518,-9.11E+00,1,1
392,392,-30.375,-19.387,-1.10E+01,1,1
393,393,-31.75,-19.482,-1.23E+01,1,1
394,394,-32.875,-19.714,-1.32E+01,1,1
395,395,-33.75,-20.065,-1.37E+01,1,1
396,396,-34.125,-20.453,-1.37E+01,1,1
397,397,-35,-20.862,-1.41E+01,1,1
398,398,-35,-21.274,-1.37E+01,1,1
399,399,-35,-21.713,-1.33E+01,1,1
400,400,-35,-22.152,-1.28E+01,1,1
401,401,-35,-22.595,-1.24E+01,1,1
402,402,-35,-23.037,-1.20E+01,1,1
403,403,-35.25,-23.474,-1.18E+01,1,1
404,404,-35.5,-23.92,-1.16E+01,1,1
405,405,-35.625,-24.336,-1.13E+01,1,1
406,406,-36,-24.788,-1.12E+01,1,1
407,407,-36,-24.468,-1.15E+01,1,1
408,408,-35.25,-22.644,-1.26E+01,1,1
409,409,-18.5,-20.757,2.26E+00,1,1
410,410,-13,-18.755,5.75E+00,1,1
411,411,-17.875,-16.469,-1.41E+00,1,1
412,412,-23,-14.549,-8.45E+00,1,1
413,413,-27.5,-12.511,-1.50E+01,1,1
414,414,-30.25,-11.297,-1.90E+01,1,1
415,415,-33,-11.152,-2.18E+01,1,1
416,416,-35.125,-11.691,-2.34E+01,1,1
417,417,-36.625,-12.555,-2.41E+01,1,1
418,418,-37.5,-13.603,-2.39E+01,1,1
419,419,-38.125,-14.831,-2.33E+01,1,1
420,420,-39,-16.014,-2.30E+01,1,1
421,421,-39,-17.18,-2.18E+01,1,1
422,422,-39,-18.032,-2.10E+01,1,1
423,423,-39,-18.97,-2.00E+01,1,1
424,424,-39.125,-19.975,-1.91E+01,1,1
425,425,-39.875,-20.913,-1.90E+01,1,1
426,426,-40,-19.946,-2.01E+01,1,1
427,427,-39.875,-17.797,-2.21E+01,1,1
428,428,-17.125,-9.449,-7.68E+00,1,1
429,429,10.75,14.284,-3.53E+00,1,1
430,430,12.75,14.168,-1.42E+00,1,1
431,431,10.875,14.083,-3.21E+00,1,1
432,432,8.5,10.144,-1.64E+00,1,1
433,433,6.75,4.983,1.77E+00,1,1
434,434,5.75,3.226,2.52E+00,1,1
435,435,4.5,2.292,2.21E+00,1,1
436,436,2.875,1.21,1.67E+00,1,1
437,437,0.375,0.186,1.89E-01,1,1
438,438,-1,-0.911,-8.91E-02,1,1
439,439,-3.75,-1.962,-1.79E+00,1,1
440,440,-6.375,-2.859,-3.52E+00,1,1
441,441,-8.75,-3.737,-5.01E+00,1,1
442,442,-11,-4.568,-6.43E+00,1,1
443,443,-13,-5.44,-7.56E+00,1,1
444,444,-14.875,-6.365,-8.51E+00,1,1
445,445,-16.5,-7.298,-9.20E+00,1,1
446,446,-18.125,-8.308,-9.82E+00,1,1
447,447,-19.5,-9.398,-1.01E+01,1,1
448,448,-20.625,-10.489,-1.01E+01,1,1
449,449,-21.75,-11.619,-1.01E+01,1,1
450,450,-22.625,-12.672,-9.95E+00,1,1
451,451,-23.375,-13.779,-9.60E+00,1,1
452,452,-24,-14.853,-9.15E+00,1,1
453,453,-25,-15.58,-9.42E+00,1,1
454,454,-24.375,-12.727,-1.16E+01,1,1
455,455,-8.75,-10.68,1.93E+00,1,1
456,456,-4.625,-9.516,4.89E+00,1,1
457,457,-7.875,-9.211,1.34E+00,1,1
458,458,-11,-9.178,-1.82E+00,1,1
459,459,-14.125,-9.327,-4.80E+00,1,1
460,460,-17.375,-9.738,-7.64E+00,1,1
461,461,-20.75,-10.266,-1.05E+01,1,1
462,462,-23.375,-11.005,-1.24E+01,1,1
463,463,-25.5,-11.93,-1.36E+01,1,1
464,464,-27.125,-12.949,-1.42E+01,1,1
465,465,-28.375,-14.04,-1.43E+01,1,1
466,466,-29,-15.155,-1.38E+01,1,1
467,467,-29.125,-16.175,-1.29E+01,1,1
468,468,-30,-17.2,-1.28E+01,1,1
469,469,-30,-18.074,-1.19E+01,1,1
470,470,-30,-18.923,-1.11E+01,1,1
471,471,-30,-19.669,-1.03E+01,1,1
472,472,-30,-20.395,-9.61E+00,1,1
473,473,-30,-21.071,-8.93E+00,1,1
474,474,-30,-21.687,-8.31E+00,1,1
475,475,-30,-22.323,-7.68E+00,1,1
476,476,-30.5,-22.913,-7.59E+00,1,1
477,477,-31,-23.465,-7.53E+00,1,1
478,478,-31,-24.039,-6.96E+00,1,1
479,479,-31,-24.464,-6.54E+00,1,1
480,480,-28.375,-24.013,-4.36E+00,1,1
481,481,-19.375,-23.292,3.92E+00,1,1
482,482,-18.75,-22.472,3.72E+00,1,1
483,483,-20.875,-21.511,6.36E-01,1,1
484,484,-23.625,-20.625,-3.00E+00,1,1
485,485,-26.125,-19.938,-6.19E+00,1,1
486,486,-28,-19.532,-8.47E+00,1,1
487,487,-29.625,-19.41,-1.02E+01,1,1
488,488,-31.625,-19.619,-1.20E+01,1,1
489,489,-32.75,-20.043,-1.27E+01,1,1
490,490,-33.75,-20.652,-1.31E+01,1,1
491,491,-34,-21.325,-1.27E+01,1,1
492,492,-34,-22.024,-1.20E+01,1,1
493,493,-34,-22.698,-1.13E+01,1,1
494,494,-34,-23.334,-1.07E+01,1,1
495,495,-34,-23.988,-1.00E+01,1,1
496,496,-34,-24.567,-9.43E+00,1,1
497,497,-34,-25.114,-8.89E+00,1,1
498,498,-34,-25.643,-8.36E+00,1,1
499,499,-34,-26.157,-7.84E+00,1,1
500,500,-34,-26.661,-7.34E+00,1,1
501,501,-34,-27.114,-6.89E+00,1,1
502,502,-34,-27.554,-6.45E+00,1,1
503,503,-34.75,-27.316,-7.43E+00,1,1
504,504,-34.75,-24.101,-1.06E+01,1,1
505,505,-30,-23.134,-6.87E+00,1,1
506,506,-26.25,-23.394,-2.86E+00,1,1
507,507,-26.5,-23.143,-3.36E+00,1,1
508,508,-28.5,-22.86,-5.64E+00,1,1
509,509,-30.875,-22.784,-8.09E+00,1,1
510,510,-33,-22.915,-1.01E+01,1,1
511,511,-34.625,-23.312,-1.13E+01,1,1
512,512,-36,-23.857,-1.21E+01,1,1
513,513,-37,-24.527,-1.25E+01,1,1
514,514,-37,-25.216,-1.18E+01,1,1
515,515,-37,-25.133,-1.19E+01,1,1
516,516,-37,-25.269,-1.17E+01,1,1
517,517,-37,-25.974,-1.10E+01,1,1
518,518,-37,-26.595,-1.04E+01,1,1
519,519,-37,-27.111,-9.89E+00,1,1
520,520,-37,-27.544,-9.46E+00,1,1
521,521,-37,-27.89,-9.11E+00,1,1
522,522,-37,-28.194,-8.81E+00,1,1
523,523,-37,-28.473,-8.53E+00,1,1
524,524,-37,-28.729,-8.27E+00,1,1
525,525,-37,-28.976,-8.02E+00,1,1
526,526,-37,-29.088,-7.91E+00,1,1
527,527,-37,-26.917,-1.01E+01,1,1
528,528,-31.75,-25.554,-6.20E+00,1,1
529,529,-29.25,-25.193,-4.06E+00,1,1
530,530,-30.25,-24.302,-5.95E+00,1,1
531,531,-31.375,-23.207,-8.17E+00,1,1
532,532,-32.625,-22.014,-1.06E+01,1,1
533,533,-33.375,-20.937,-1.24E+01,1,1
534,534,-35,-20.218,-1.48E+01,1,1
535,535,-36.75,-20.054,-1.67E+01,1,1
536,536,-38.125,-20.29,-1.78E+01,1,1
537,537,-39,-20.8,-1.82E+01,1,1
538,538,-39,-21.482,-1.75E+01,1,1
539,539,-39,-22.315,-1.67E+01,1,1
540,540,-39,-23.178,-1.58E+01,1,1
541,541,-39,-23.977,-1.50E+01,1,1
542,542,-39,-24.781,-1.42E+01,1,1
543,543,-39,-25.559,-1.34E+01,1,1
544,544,-39,-26.296,-1.27E+01,1,1
545,545,-39,-27.034,-1.20E+01,1,1
546,546,-39,-27.693,-1.13E+01,1,1
547,547,-39,-28.357,-1.06E+01,1,1
548,548,-39,-29,-1.00E+01,1,1
549,549,-39,-29.613,-9.39E+00,1,1
550,550,-39,-28.802,-1.02E+01,1,1
551,551,-38.875,-24.274,-1.46E+01,1,1
552,552,-21.125,-22.781,1.66E+00,1,1
553,553,-17.75,-22.737,4.99E+00,1,1
554,554,-22.25,-21.692,-5.58E-01,1,1
555,555,-25.625,-20.587,-5.04E+00,1,1
556,556,-28.875,-19.759,-9.12E+00,1,1
557,557,-31.625,-19.417,-1.22E+01,1,1
558,558,-33.875,-19.465,-1.44E+01,1,1
559,559,-35.75,-19.827,-1.59E+01,1,1
560,560,-36.875,-20.465,-1.64E+01,1,1
561,561,-38,-21.211,-1.68E+01,1,1
562,562,-38.5,-22.086,-1.64E+01,1,1
563,563,-39,-22.992,-1.60E+01,1,1
564,564,-39,-23.895,-1.51E+01,1,1
565,565,-39,-24.741,-1.43E+01,1,1
566,566,-39,-25.565,-1.34E+01,1,1
567,567,-39.25,-26.348,-1.29E+01,1,1
568,568,-40,-27.107,-1.29E+01,1,1
569,569,-40,-27.825,-1.22E+01,1,1
570,570,-40,-28.516,-1.15E+01,1,1
571,571,-40,-29.178,-1.08E+01,1,1
572,572,-40,-29.809,-1.02E+01,1,1
573,573,-40,-30.414,-9.59E+00,1,1
574,574,-40,-30.994,-9.01E+00,1,1
575,575,-40,-31.556,-8.44E+00,1,1
576,576,-41,-32.105,-8.89E+00,1,1
577,577,-41,-32.638,-8.36E+00,1,1
578,578,-41.875,-33.157,-8.72E+00,1,1
579,579,-42.5,-33.667,-8.83E+00,1,1
580,580,-43,-34.162,-8.84E+00,1,1
581,581,-44,-34.655,-9.34E+00,1,1
582,582,-44,-35.142,-8.86E+00,1,1
583,583,-44,-35.628,-8.37E+00,1,1
584,584,-44.625,-36.113,-8.51E+00,1,1
585,585,-45,-36.591,-8.41E+00,1,1
586,586,-45,-37.061,-7.94E+00,1,1
587,587,-45,-37.512,-7.49E+00,1,1
588,588,-44.875,-37.957,-6.92E+00,1,1
589,589,-44,-38.385,-5.62E+00,1,1
590,590,-44,-37.594,-6.41E+00,1,1
591,591,-44,-33.171,-1.08E+01,1,1
592,592,-42.75,-31.011,-1.17E+01,1,1
593,593,-40.875,-31.945,-8.93E+00,1,1
594,594,-40,-32.979,-7.02E+00,1,1
595,595,-40,-33.737,-6.26E+00,1,1
596,596,-40,-34.263,-5.74E+00,1,1
597,597,-40,-34.526,-5.47E+00,1,1
598,598,-39.25,-31.324,-7.93E+00,1,1
599,599,-18.125,-24.785,6.66E+00,1,1
600,600,-5.375,-23.633,1.83E+01,1,1
601,601,-12.75,-23.077,1.03E+01,1,1
602,602,-19.125,-20.887,1.76E+00,1,1
603,603,-23.5,-18.587,-4.91E+00,1,1
604,604,-27,-16.766,-1.02E+01,1,1
605,605,-29.875,-15.73,-1.41E+01,1,1
606,606,-32,-15.307,-1.67E+01,1,1
607,607,-34.125,-15.557,-1.86E+01,1,1
608,608,-35.75,-16.238,-1.95E+01,1,1
609,609,-36.625,-17.196,-1.94E+01,1,1
610,610,-37.375,-18.265,-1.91E+01,1,1
611,611,-38,-19.413,-1.86E+01,1,1
612,612,-38,-20.531,-1.75E+01,1,1
613,613,-38,-21.618,-1.64E+01,1,1
614,614,-38,-22.641,-1.54E+01,1,1
615,615,-38,-23.617,-1.44E+01,1,1
616,616,-38,-24.555,-1.34E+01,1,1
617,617,-38.75,-25.398,-1.34E+01,1,1
618,618,-39,-26.231,-1.28E+01,1,1
619,619,-39,-27.04,-1.20E+01,1,1
620,620,-39,-27.792,-1.12E+01,1,1
621,621,-39.5,-28.537,-1.10E+01,1,1
622,622,-40,-28.848,-1.12E+01,1,1
623,623,-40,-26.059,-1.39E+01,1,1
624,624,-29.625,-24.061,-5.56E+00,1,1
625,625,-9.375,-23.686,1.43E+01,1,1
626,626,-10.125,-22.857,1.27E+01,1,1
627,627,-14.25,-21.081,6.83E+00,1,1
628,628,-17.75,-19.144,1.39E+00,1,1
629,629,-20.625,-17.505,-3.12E+00,1,1
630,630,-22.625,-16.307,-6.32E+00,1,1
631,631,-24.75,-15.395,-9.35E+00,1,1
632,632,-26.5,-14.85,-1.17E+01,1,1
633,633,-27.75,-14.626,-1.31E+01,1,1
634,634,-29,-14.666,-1.43E+01,1,1
635,635,-30.125,-14.897,-1.52E+01,1,1
636,636,-31,-15.334,-1.57E+01,1,1
637,637,-31.375,-15.882,-1.55E+01,1,1
638,638,-32,-16.524,-1.55E+01,1,1
639,639,-32,-17.217,-1.48E+01,1,1
640,640,-32.75,-17.924,-1.48E+01,1,1
641,641,-33,-18.662,-1.43E+01,1,1
642,642,-33,-19.352,-1.36E+01,1,1
643,643,-33.5,-20.062,-1.34E+01,1,1
644,644,-34,-20.777,-1.32E+01,1,1
645,645,-32.125,-16.348,-1.58E+01,1,1
646,646,-7.75,-13.44,5.69E+00,1,1
647,647,-9.625,-11.312,1.69E+00,1,1
648,648,-13.375,-10.574,-2.80E+00,1,1
649,649,-16.375,-10.512,-5.86E+00,1,1
650,650,-18.75,-10.779,-7.97E+00,1,1
651,651,-21,-11.417,-9.58E+00,1,1
652,652,-23.125,-12.245,-1.09E+01,1,1
653,653,-25,-13.369,-1.16E+01,1,1
654,654,-26.875,-14.59,-1.23E+01,1,1
655,655,-28.25,-15.891,-1.24E+01,1,1
656,656,-29.875,-17.291,-1.26E+01,1,1
657,657,-31.25,-18.579,-1.27E+01,1,1
658,658,-32,-19.864,-1.21E+01,1,1
659,659,-32.625,-21.053,-1.16E+01,1,1
660,660,-33,-22.192,-1.08E+01,1,1
661,661,-33,-23.269,-9.73E+00,1,1
662,662,-33,-24.177,-8.82E+00,1,1
663,663,-33,-25.073,-7.93E+00,1,1
664,664,-33,-25.907,-7.09E+00,1,1
665,665,-33,-26.702,-6.30E+00,1,1
666,666,-34,-27.48,-6.52E+00,1,1
667,667,-34,-28.163,-5.84E+00,1,1
668,668,-34,-28.843,-5.16E+00,1,1
669,669,-34,-29.481,-4.52E+00,1,1
670,670,-34,-30.094,-3.91E+00,1,1
671,671,-34.75,-28.919,-5.83E+00,1,1
672,672,-26.25,-25.156,-1.09E+00,1,1
673,673,-2.125,-22.804,2.07E+01,1,1
674,674,-4.5,-21.653,1.72E+01,1,1
675,675,-10.125,-19.822,9.70E+00,1,1
676,676,-15.625,-18.318,2.69E+00,1,1
677,677,-20.125,-17.541,-2.58E+00,1,1
678,678,-23.875,-17.516,-6.36E+00,1,1
679,679,-26.75,-17.97,-8.78E+00,1,1
680,680,-28.75,-18.704,-1.00E+01,1,1
681,681,-30.25,-19.563,-1.07E+01,1,1
682,682,-31,-20.529,-1.05E+01,1,1
683,683,-32,-21.456,-1.05E+01,1,1
684,684,-32,-22.403,-9.60E+00,1,1
685,685,-32,-23.256,-8.74E+00,1,1
686,686,-32.875,-24.062,-8.81E+00,1,1
687,687,-33,-24.82,-8.18E+00,1,1
688,688,-33,-25.556,-7.44E+00,1,1
689,689,-33,-26.244,-6.76E+00,1,1
690,690,-33,-26.886,-6.11E+00,1,1
691,691,-33.625,-27.511,-6.11E+00,1,1
692,692,-34.25,-28.128,-6.12E+00,1,1
693,693,-35,-26.985,-8.01E+00,1,1
694,694,-35,-24.728,-1.03E+01,1,1
695,695,-34.5,-24.339,-1.02E+01,1,1
696,696,-33.375,-24.564,-8.81E+00,1,1
697,697,-31.75,-24.563,-7.19E+00,1,1
698,698,-29.625,-24.706,-4.92E+00,1,1
699,699,-29,-25.008,-3.99E+00,1,1
700,700,-29,-25.331,-3.67E+00,1,1
701,701,-29,-25.413,-3.59E+00,1,1
702,702,-29,-25.621,-3.38E+00,1,1
703,703,-29.75,-26.111,-3.64E+00,1,1
704,704,-31.25,-26.656,-4.59E+00,1,1
705,705,-32.5,-27.269,-5.23E+00,1,1
706,706,-33.375,-27.936,-5.44E+00,1,1
707,707,-34,-28.64,-5.36E+00,1,1
708,708,-34.75,-29.328,-5.42E+00,1,1
709,709,-35,-30.018,-4.98E+00,1,1
710,710,-35.875,-30.696,-5.18E+00,1,1
711,711,-36,-31.344,-4.66E+00,1,1
712,712,-36,-31.984,-4.02E+00,1,1
713,713,-36,-32.571,-3.43E+00,1,1
714,714,-36,-33.141,-2.86E+00,1,1
715,715,-36,-33.685,-2.31E+00,1,1
716,716,-36.875,-34.2,-2.67E+00,1,1
717,717,-37,-34.7,-2.30E+00,1,1
718,718,-37,-35.17,-1.83E+00,1,1
719,719,-37,-35.258,-1.74E+00,1,1
720,720,-34.5,-34.404,-9.59E-02,1,1
721,721,-21.625,-33.081,1.15E+01,1,1
722,722,-22.25,-31.478,9.23E+00,1,1
723,723,-25,-29.939,4.94E+00,1,1
724,724,-27.5,-29.252,1.75E+00,1,1
725,725,-30.125,-29.394,-7.31E-01,1,1
726,726,-32.125,-29.883,-2.24E+00,1,1
727,727,-34.125,-30.431,-3.69E+00,1,1
728,728,-35.5,-31.034,-4.47E+00,1,1
729,729,-36.5,-31.677,-4.82E+00,1,1
730,730,-37,-32.361,-4.64E+00,1,1
731,731,-38,-33.04,-4.96E+00,1,1
732,732,-38,-33.729,-4.27E+00,1,1
733,733,-38,-34.36,-3.64E+00,1,1
734,734,-38,-34.99,-3.01E+00,1,1
735,735,-38,-35.581,-2.42E+00,1,1
736,736,-38,-36.143,-1.86E+00,1,1
737,737,-38.75,-36.696,-2.05E+00,1,1
738,738,-39,-37.194,-1.81E+00,1,1
739,739,-39,-37.674,-1.33E+00,1,1
740,740,-39,-38.141,-8.59E-01,1,1
741,741,-39,-38.586,-4.14E-01,1,1
742,742,-39,-38.776,-2.24E-01,1,1
743,743,-39.875,-38.831,-1.04E+00,1,1
744,744,-40,-39.199,-8.01E-01,1,1
745,745,-40.25,-39.627,-6.23E-01,1,1
746,746,-41,-40.051,-9.49E-01,1,1
747,747,-41.375,-40.458,-9.17E-01,1,1
748,748,-42.125,-40.838,-1.29E+00,1,1
749,749,-43,-41.203,-1.80E+00,1,1
750,750,-43.375,-41.559,-1.82E+00,1,1
751,751,-44,-41.901,-2.10E+00,1,1
752,752,-44,-42.235,-1.77E+00,1,1
753,753,-44,-42.556,-1.44E+00,1,1
754,754,-44,-42.87,-1.13E+00,1,1
755,755,-44.75,-43.178,-1.57E+00,1,1
756,756,-44.875,-43.481,-1.39E+00,1,1
757,757,-44,-43.78,-2.20E-01,1,1
758,758,-44,-44.062,6.20E-02,1,1
759,759,-44,-44.334,3.34E-01,1,1
760,760,-44,-44.595,5.95E-01,1,1
761,761,-44,-44.843,8.43E-01,1,1
762,762,-44,-45.084,1.08E+00,1,1
763,763,-44,-45.308,1.31E+00,1,1
764,764,-44,-45.529,1.53E+00,1,1
765,765,-44,-45.741,1.74E+00,1,1
766,766,-44,-45.948,1.95E+00,1,1
767,767,-44.5,-45.709,1.21E+00,1,1
768,768,-44.75,-44.689,-6.07E-02,1,1
769,769,-35.625,-43.568,7.94E+00,1,1
770,770,-33.75,-42.723,8.97E+00,1,1
771,771,-35.625,-42.65,7.02E+00,1,1
772,772,-37.5,-42.728,5.23E+00,1,1
773,773,-38.875,-42.559,3.68E+00,1,1
774,774,-40.375,-42.415,2.04E+00,1,1
775,775,-41.5,-42.44,9.40E-01,1,1
776,776,-42.5,-42.519,1.91E-02,1,1
777,777,-43,-42.632,-3.68E-01,1,1
778,778,-43.75,-42.785,-9.65E-01,1,1
779,779,-44,-42.965,-1.04E+00,1,1
780,780,-44,-43.168,-8.32E-01,1,1
781,781,-44,-43.391,-6.09E-01,1,1
782,782,-44,-43.632,-3.68E-01,1,1
783,783,-44,-43.877,-1.23E-01,1,1
784,784,-44,-44.126,1.26E-01,1,1
785,785,-44,-44.376,3.76E-01,1,1
786,786,-44,-44.628,6.28E-01,1,1
787,787,-44,-44.879,8.79E-01,1,1
788,788,-44,-45.129,1.13E+00,1,1
789,789,-44,-45.376,1.38E+00,1,1
790,790,-44,-44.193,1.93E-01,1,1
791,791,-41.625,-38.651,-2.97E+00,1,1
792,792,-22.375,-33.901,1.15E+01,1,1
793,793,-22.25,-33.438,1.12E+01,1,1
794,794,-27.5,-34.605,7.11E+00,1,1
795,795,-31,-35.588,4.59E+00,1,1
796,796,-33.75,-36.285,2.53E+00,1,1
797,797,-35.875,-36.75,8.75E-01,1,1
798,798,-37.625,-37.105,-5.20E-01,1,1
799,799,-39,-37.423,-1.58E+00,1,1
800,800,-40,-37.74,-2.26E+00,1,1
801,801,-40.375,-38.078,-2.30E+00,1,1
802,802,-41,-38.437,-2.56E+00,1,1
803,803,-41.25,-38.815,-2.43E+00,1,1
804,804,-42,-39.205,-2.80E+00,1,1
805,805,-42,-39.61,-2.39E+00,1,1
806,806,-42,-40.019,-1.98E+00,1,1
807,807,-42,-40.424,-1.58E+00,1,1
808,808,-42,-40.82,-1.18E+00,1,1
809,809,-42,-41.206,-7.94E-01,1,1
810,810,-42,-41.59,-4.10E-01,1,1
811,811,-42,-41.962,-3.84E-02,1,1
812,812,-43,-42.324,-6.76E-01,1,1
813,813,-43,-42.676,-3.24E-01,1,1
814,814,-43,-41.232,-1.77E+00,1,1
815,815,-42.5,-36.216,-6.28E+00,1,1
816,816,-30.625,-34.179,3.55E+00,1,1
817,817,-30.875,-35.114,4.24E+00,1,1
818,818,-32.75,-36.151,3.40E+00,1,1
819,819,-34.75,-37.002,2.25E+00,1,1
820,820,-36.125,-37.631,1.51E+00,1,1
821,821,-37,-37.674,6.74E-01,1,1
822,822,-37.75,-37.163,-5.87E-01,1,1
823,823,-38,-36.917,-1.08E+00,1,1
824,824,-39,-36.179,-2.82E+00,1,1
825,825,-38,-33.252,-4.75E+00,1,1
826,826,-32.5,-31.508,-9.92E-01,1,1
827,827,-29.25,-32.178,2.93E+00,1,1
828,828,-30.625,-33.109,2.48E+00,1,1
829,829,-31.625,-33.824,2.20E+00,1,1
830,830,-32.75,-34.358,1.61E+00,1,1
831,831,-33.75,-34.774,1.02E+00,1,1
832,832,-34.25,-35.132,8.82E-01,1,1
833,833,-35,-35.464,4.64E-01,1,1
834,834,-35.625,-35.778,1.53E-01,1,1
835,835,-36,-36.093,9.27E-02,1,1
836,836,-36.625,-36.401,-2.24E-01,1,1
837,837,-37,-36.714,-2.86E-01,1,1
838,838,-37.5,-37.032,-4.68E-01,1,1
839,839,-38,-36.59,-1.41E+00,1,1
840,840,-38,-35.63,-2.37E+00,1,1
841,841,-38,-35.492,-2.51E+00,1,1
842,842,-38,-35.709,-2.29E+00,1,1
843,843,-37.75,-36.106,-1.64E+00,1,1
844,844,-37,-36.651,-3.49E-01,1,1
845,845,-37.75,-37.168,-5.82E-01,1,1
846,846,-38,-37.638,-3.62E-01,1,1
847,847,-38,-37.836,-1.64E-01,1,1
848,848,-38.125,-37.896,-2.29E-01,1,1
849,849,-39,-36.329,-2.67E+00,1,1
850,850,-38.125,-34.391,-3.73E+00,1,1
851,851,-37,-34.761,-2.24E+00,1,1
852,852,-36.125,-35.513,-6.12E-01,1,1
853,853,-36,-36.203,2.03E-01,1,1
854,854,-36,-36.808,8.08E-01,1,1
855,855,-36,-37.32,1.32E+00,1,1
856,856,-36.875,-37.778,9.03E-01,1,1
857,857,-37,-38.195,1.19E+00,1,1
858,858,-37,-38.579,1.58E+00,1,1
859,859,-37.125,-38.929,1.80E+00,1,1
860,860,-38,-39.26,1.26E+00,1,1
861,861,-38,-39.577,1.58E+00,1,1
862,862,-38,-39.885,1.89E+00,1,1
863,863,-38.375,-40.186,1.81E+00,1,1
864,864,-38.625,-40.472,1.85E+00,1,1
865,865,-37.5,-40.752,3.25E+00,1,1
866,866,-37,-41.022,4.02E+00,1,1
867,867,-38,-41.28,3.28E+00,1,1
868,868,-38.75,-41.535,2.78E+00,1,1
869,869,-39.125,-41.779,2.65E+00,1,1
870,870,-40,-42.022,2.02E+00,1,1
871,871,-40.5,-42.264,1.76E+00,1,1
872,872,-41,-42.511,1.51E+00,1,1
873,873,-41,-42.764,1.76E+00,1,1
874,874,-41.875,-43.018,1.14E+00,1,1
875,875,-42,-43.28,1.28E+00,1,1
876,876,-42,-41.789,-2.11E-01,1,1
877,877,-42,-32.922,-9.08E+00,1,1
878,878,-29.625,-28.656,-9.69E-01,1,1
879,879,-26,-29.923,3.92E+00,1,1
880,880,-27.5,-31.619,4.12E+00,1,1
881,881,-28.5,-32.907,4.41E+00,1,1
882,882,-29.5,-33.836,4.34E+00,1,1
883,883,-30.25,-34.459,4.21E+00,1,1
884,884,-31,-34.921,3.92E+00,1,1
885,885,-32,-35.271,3.27E+00,1,1
886,886,-32.625,-35.567,2.94E+00,1,1
887,887,-33.125,-35.842,2.72E+00,1,1
888,888,-34,-35.873,1.87E+00,1,1
889,889,-34.25,-35.818,1.57E+00,1,1
890,890,-35,-36.085,1.09E+00,1,1
891,891,-35.5,-36.415,9.15E-01,1,1
892,892,-36,-36.758,7.58E-01,1,1
893,893,-37,-37.114,1.14E-01,1,1
894,894,-37.875,-37.471,-4.04E-01,1,1
895,895,-38,-37.843,-1.57E-01,1,1
896,896,-38.5,-38.233,-2.67E-01,1,1
897,897,-39,-38.628,-3.72E-01,1,1
898,898,-39,-39.028,2.83E-02,1,1
899,899,-39.125,-39.427,3.02E-01,1,1
900,900,-40,-39.712,-2.88E-01,1,1
901,901,-28.75,-3.161,-2.56E+01,1,1
902,902,11.25,6.671,4.58E+00,1,1
903,903,12,14.046,-2.05E+00,1,1
904,904,12,11.65,3.50E-01,1,1
905,905,12.125,14.085,-1.96E+00,1,1
906,906,13,5.644,7.36E+00,1,1
907,907,13,4.134,8.87E+00,1,1
908,908,12.625,8.707,3.92E+00,1,1
909,909,12.875,4.98,7.90E+00,1,1
910,910,13,3.286,9.71E+00,1,1
911,911,12.625,2.401,1.02E+01,1,1
912,912,12,1.905,1.01E+01,1,1
913,913,12,1.622,1.04E+01,1,1
914,914,12,1.457,1.05E+01,1,1
915,915,12,1.286,1.07E+01,1,1
916,916,11.125,1.093,1.00E+01,1,1
917,917,11,0.882,1.01E+01,1,1
918,918,10.875,0.659,1.02E+01,1,1
919,919,10,0.415,9.58E+00,1,1
920,920,9.125,0.044,9.08E+00,1,1
921,921,7.5,-0.482,7.98E+00,1,1
922,922,6,-1.156,7.16E+00,1,1
923,923,4.875,-1.782,6.66E+00,1,1
924,924,4,-2.372,6.37E+00,1,1
925,925,3,-2.697,5.70E+00,1,1
926,926,2.375,-2.88,5.26E+00,1,1
927,927,1.25,-3.604,4.85E+00,1,1
928,928,0.25,-4.244,4.49E+00,1,1
929,929,0.00E+00,-4.75E+00,4.75E+00,1,1
930,930,-1,-5.237,4.24E+00,1,1
931,931,-1.875,-5.635,3.76E+00,1,1
932,932,-2.875,-6.045,3.17E+00,1,1
933,933,-4,-6.451,2.45E+00,1,1
934,934,-5,-6.864,1.86E+00,1,1
935,935,-6,-7.302,1.30E+00,1,1
936,936,-6.875,-7.847,9.72E-01,1,1
937,937,-7.75,-8.461,7.11E-01,1,1
938,938,-8.75,-9.117,3.67E-01,1,1
939,939,-9.75,-9.802,5.20E-02,1,1
940,940,-11.25,-10.326,-9.24E-01,1,1
941,941,-13,-11.081,-1.92E+00,1,1
942,942,-15,-12.025,-2.97E+00,1,1
943,943,-17,-13.097,-3.90E+00,1,1
944,944,-19.375,-14.285,-5.09E+00,1,1
945,945,-21.375,-15.482,-5.89E+00,1,1
946,946,-23.125,-16.565,-6.56E+00,1,1
947,947,-24.125,-17.614,-6.51E+00,1,1
948,948,-25,-18.625,-6.37E+00,1,1
949,949,-25.5,-19.555,-5.94E+00,1,1
950,950,-26,-20.056,-5.94E+00,1,1
951,951,-27,-20.097,-6.90E+00,1,1
952,952,-27,-20.707,-6.29E+00,1,1
953,953,-27,-21.608,-5.39E+00,1,1
954,954,-27.875,-22.439,-5.44E+00,1,1
955,955,-28,-23.209,-4.79E+00,1,1
956,956,-28,-23.904,-4.10E+00,1,1
957,957,-28.125,-24.575,-3.55E+00,1,1
958,958,-29,-25.21,-3.79E+00,1,1
959,959,-29,-25.841,-3.16E+00,1,1
960,960,-29.25,-26.43,-2.82E+00,1,1
961,961,-30,-26.981,-3.02E+00,1,1
962,962,-30,-27.5,-2.50E+00,1,1
963,963,-31,-28.004,-3.00E+00,1,1
964,964,-31.5,-28.52,-2.98E+00,1,1
965,965,-32.25,-29.029,-3.22E+00,1,1
966,966,-33,-29.557,-3.44E+00,1,1
967,967,-33.5,-30.107,-3.39E+00,1,1
968,968,-34,-30.673,-3.33E+00,1,1
969,969,-34.375,-31.261,-3.11E+00,1,1
970,970,-35,-31.833,-3.17E+00,1,1
971,971,-35,-32.398,-2.60E+00,1,1
972,972,-35,-32.933,-2.07E+00,1,1
973,973,-35,-33.445,-1.56E+00,1,1
974,974,-35,-33.937,-1.06E+00,1,1
975,975,-35,-34.388,-6.12E-01,1,1
976,976,-35,-34.818,-1.82E-01,1,1
977,977,-36,-35.225,-7.75E-01,1,1
978,978,-36,-35.602,-3.98E-01,1,1
979,979,-36,-35.964,-3.57E-02,1,1
980,980,-36,-36.293,2.93E-01,1,1
981,981,-36,-36.608,6.08E-01,1,1
982,982,-36,-36.912,9.12E-01,1,1
983,983,-36.75,-37.206,4.56E-01,1,1
984,984,-37,-37.494,4.94E-01,1,1
985,985,-37,-37.773,7.73E-01,1,1
986,986,-37,-38.054,1.05E+00,1,1
987,987,-37.875,-38.329,4.54E-01,1,1
988,988,-38,-38.602,6.02E-01,1,1
989,989,-38.375,-38.873,4.98E-01,1,1
990,990,-39,-39.14,1.40E-01,1,1
991,991,-39.125,-39.413,2.88E-01,1,1
992,992,-40,-39.694,-3.06E-01,1,1
993,993,-40,-39.978,-2.17E-02,1,1
994,994,-40,-40.263,2.63E-01,1,1
995,995,-40,-40.544,5.44E-01,1,1
996,996,-40,-40.83,8.30E-01,1,1
997,997,-40,-41.114,1.11E+00,1,1
998,998,-41,-41.395,3.95E-01,1,1
999,999,-41,-41.674,6.74E-01,1,1
1000,1000,-41,-41.937,9.37E-01,1,1
1001,1001,-41,-42.188,1.19E+00,1,1
1002,1002,-41,-42.427,1.43E+00,1,1
1003,1003,-41,-42.658,1.66E+00,1,1
1004,1004,-41,-42.886,1.89E+00,1,1
1005,1005,-41,-43.105,2.10E+00,1,1
1006,1006,-41,-43.322,2.32E+00,1,1
1007,1007,-41,-43.534,2.53E+00,1,1
1008,1008,-41,-43.739,2.74E+00,1,1
1009,1009,-41.375,-43.933,2.56E+00,1,1
1010,1010,-42,-44.12,2.12E+00,1,1
1011,1011,-42.25,-44.301,2.05E+00,1,1
1012,1012,-43,-44.479,1.48E+00,1,1
1013,1013,-43,-44.656,1.66E+00,1,1
1014,1014,-43.75,-44.83,1.08E+00,1,1
1015,1015,-44,-45.006,1.01E+00,1,1
1016,1016,-44,-45.185,1.19E+00,1,1
1017,1017,-44.25,-45.371,1.12E+00,1,1
1018,1018,-45,-45.565,5.65E-01,1,1
1019,1019,-44.25,-45.758,1.51E+00,1,1
1020,1020,-44,-45.953,1.95E+00,1,1
1021,1021,-44,-46.147,2.15E+00,1,1
1022,1022,-44,-46.341,2.34E+00,1,1
1023,1023,-44,-46.534,2.53E+00,1,1
1024,1024,-44,-46.728,2.73E+00,1,1
1025,1025,-44,-46.921,2.92E+00,1,1
1026,1026,-44,-47.112,3.11E+00,1,1
1027,1027,-44,-47.3,3.30E+00,1,1
1028,1028,-44,-47.483,3.48E+00,1,1
1029,1029,-44,-47.658,3.66E+00,1,1
1030,1030,-44,-47.827,3.83E+00,1,1
1031,1031,-44,-47.989,3.99E+00,1,1
1032,1032,-44,-48.145,4.15E+00,1,1
1033,1033,-44,-48.296,4.30E+00,1,1
1034,1034,-44.5,-48.442,3.94E+00,1,1
1035,1035,-45,-48.584,3.58E+00,1,1
1036,1036,-45.875,-48.72,2.84E+00,1,1
1037,1037,-46.5,-48.853,2.35E+00,1,1
1038,1038,-47.125,-48.985,1.86E+00,1,1
1039,1039,-48,-49.116,1.12E+00,1,1
1040,1040,-48,-49.251,1.25E+00,1,1
1041,1041,-48,-49.388,1.39E+00,1,1
1042,1042,-48.375,-49.529,1.15E+00,1,1
1043,1043,-48.125,-49.672,1.55E+00,1,1
1044,1044,-48,-49.82,1.82E+00,1,1
1045,1045,-48,-49.971,1.97E+00,1,1
1046,1046,-47.5,-50.124,2.62E+00,1,1
1047,1047,-47,-50.279,3.28E+00,1,1
1048,1048,-47,-50.433,3.43E+00,1,1
1049,1049,-47,-50.587,3.59E+00,1,1
1050,1050,-47,-50.74,3.74E+00,1,1
1051,1051,-46.625,-50.893,4.27E+00,1,1
1052,1052,-46.25,-51.046,4.80E+00,1,1
1053,1053,-46.875,-51.198,4.32E+00,1,1
1054,1054,-46.125,-51.345,5.22E+00,1,1
1055,1055,-46.375,-51.49,5.12E+00,1,1
1056,1056,-46.375,-51.63,5.26E+00,1,1
1057,1057,-46.375,-51.766,5.39E+00,1,1
1058,1058,-47.125,-51.898,4.77E+00,1,1
1059,1059,-48,-52.025,4.02E+00,1,1
1060,1060,-48.25,-52.148,3.90E+00,1,1
1061,1061,-49,-52.266,3.27E+00,1,1
1062,1062,-49,-52.381,3.38E+00,1,1
1063,1063,-49,-52.495,3.50E+00,1,1
1064,1064,-50,-52.609,2.61E+00,1,1
1065,1065,-50,-52.724,2.72E+00,1,1
1066,1066,-50,-52.838,2.84E+00,1,1
1067,1067,-50,-52.952,2.95E+00,1,1
1068,1068,-50,-53.067,3.07E+00,1,1
1069,1069,-49.25,-53.181,3.93E+00,1,1
1070,1070,-49,-53.293,4.29E+00,1,1
1071,1071,-49,-53.404,4.40E+00,1,1
1072,1072,-49,-53.511,4.51E+00,1,1
1073,1073,-49,-53.616,4.62E+00,1,1
1074,1074,-49,-53.327,4.33E+00,1,1
1075,1075,-49,-52.468,3.47E+00,1,1
1076,1076,-49,-52.244,3.24E+00,1,1
1077,1077,-49,-52.303,3.30E+00,1,1
1078,1078,-49,-52.447,3.45E+00,1,1
1079,1079,-49,-52.427,3.43E+00,1,1
1080,1080,-49,-51.919,2.92E+00,1,1
1081,1081,-48.25,-51.47,3.22E+00,1,1
1082,1082,-48,-51.487,3.49E+00,1,1
1083,1083,-48,-51.666,3.67E+00,1,1
1084,1084,-48.75,-51.885,3.14E+00,1,1
1085,1085,-49,-52.111,3.11E+00,1,1
1086,1086,-50,-52.328,2.33E+00,1,1
1087,1087,-50,-51.682,1.68E+00,1,1
1088,1088,-50,-49.826,-1.74E-01,1,1
1089,1089,-50,-49.529,-4.71E-01,1,1
1090,1090,-50,-49.722,-2.78E-01,1,1
1091,1091,-50,-50.053,5.27E-02,1,1
1092,1092,-50,-50.409,4.09E-01,1,1
1093,1093,-50,-50.75,7.50E-01,1,1
1094,1094,-49.125,-51.076,1.95E+00,1,1
1095,1095,-49,-51.39,2.39E+00,1,1
1096,1096,-49,-51.682,2.68E+00,1,1
1097,1097,-49,-51.953,2.95E+00,1,1
1098,1098,-49,-52.207,3.21E+00,1,1
1099,1099,-49,-52.445,3.45E+00,1,1
1100,1100,-49,-52.673,3.67E+00,1,1
1101,1101,-49,-52.884,3.88E+00,1,1
1102,1102,-49,-53.085,4.08E+00,1,1
1103,1103,-49,-53.177,4.18E+00,1,1
1104,1104,-49,-51.966,2.97E+00,1,1
1105,1105,-47.5,-49.337,1.84E+00,1,1
1106,1106,-44.875,-48.676,3.80E+00,1,1
1107,1107,-44,-48.882,4.88E+00,1,1
1108,1108,-44,-49.251,5.25E+00,1,1
1109,1109,-44.125,-49.626,5.50E+00,1,1
1110,1110,-45,-49.954,4.95E+00,1,1
1111,1111,-45,-50.239,5.24E+00,1,1
1112,1112,-46,-50.471,4.47E+00,1,1
1113,1113,-46,-50.665,4.67E+00,1,1
1114,1114,-46,-50.828,4.83E+00,1,1
1115,1115,-46,-50.969,4.97E+00,1,1
1116,1116,-46,-51.092,5.09E+00,1,1
1117,1117,-46,-51.2,5.20E+00,1,1
1118,1118,-46,-51.298,5.30E+00,1,1
1119,1119,-46,-51.388,5.39E+00,1,1
1120,1120,-46,-51.471,5.47E+00,1,1
1121,1121,-46,-51.549,5.55E+00,1,1
1122,1122,-46,-51.622,5.62E+00,1,1
1123,1123,-46,-51.69,5.69E+00,1,1
1124,1124,-46,-51.754,5.75E+00,1,1
1125,1125,-46,-51.815,5.82E+00,1,1
1126,1126,-46,-48.935,2.94E+00,1,1
1127,1127,-40.125,-43.805,3.68E+00,1,1
1128,1128,-39.125,-42.996,3.87E+00,1,1
1129,1129,-40,-43.465,3.47E+00,1,1
1130,1130,-40,-44.079,4.08E+00,1,1
1131,1131,-40.75,-44.673,3.92E+00,1,1
1132,1132,-41.25,-45.178,3.93E+00,1,1
1133,1133,-42.25,-45.622,3.37E+00,1,1
1134,1134,-43.25,-46.002,2.75E+00,1,1
1135,1135,-44,-46.331,2.33E+00,1,1
1136,1136,-44,-46.624,2.62E+00,1,1
1137,1137,-44.75,-46.884,2.13E+00,1,1
1138,1138,-45,-47.124,2.12E+00,1,1
1139,1139,-45.5,-47.355,1.86E+00,1,1
1140,1140,-45.25,-47.574,2.32E+00,1,1
1141,1141,-45.625,-47.784,2.16E+00,1,1
1142,1142,-45.875,-47.988,2.11E+00,1,1
1143,1143,-45.75,-48.19,2.44E+00,1,1
1144,1144,-45.375,-48.39,3.02E+00,1,1
1145,1145,-45,-48.588,3.59E+00,1,1
1146,1146,-45.875,-48.784,2.91E+00,1,1
1147,1147,-46,-44.734,-1.27E+00,1,1
1148,1148,-44.5,-38.784,-5.72E+00,1,1
1149,1149,-42.375,-38.339,-4.04E+00,1,1
1150,1150,-42,-38.864,-3.14E+00,1,1
1151,1151,-41.875,-39.838,-2.04E+00,1,1
1152,1152,-41.25,-40.757,-4.93E-01,1,1
1153,1153,-42,-41.584,-4.16E-01,1,1
1154,1154,-42,-42.29,2.90E-01,1,1
1155,1155,-42,-42.909,9.09E-01,1,1
1156,1156,-42.625,-43.466,8.41E-01,1,1
1157,1157,-43.5,-43.947,4.47E-01,1,1
1158,1158,-44.5,-44.382,-1.18E-01,1,1
1159,1159,-45.125,-44.773,-3.52E-01,1,1
1160,1160,-46,-45.137,-8.63E-01,1,1
1161,1161,-46,-45.491,-5.09E-01,1,1
1162,1162,-46,-45.828,-1.72E-01,1,1
1163,1163,-46.25,-46.154,-9.61E-02,1,1
1164,1164,-46.125,-46.475,3.50E-01,1,1
1165,1165,-46,-46.793,7.93E-01,1,1
1166,1166,-46,-47.107,1.11E+00,1,1
1167,1167,-46.5,-47.422,9.22E-01,1,1
1168,1168,-46,-47.731,1.73E+00,1,1
1169,1169,-46,-48.034,2.03E+00,1,1
1170,1170,-46,-48.332,2.33E+00,1,1
1171,1171,-46.625,-48.626,2.00E+00,1,1
1172,1172,-47,-48.907,1.91E+00,1,1
1173,1173,-47,-49.186,2.19E+00,1,1
1174,1174,-47,-49.454,2.45E+00,1,1
1175,1175,-47,-49.71,2.71E+00,1,1
1176,1176,-46.75,-46.762,1.15E-02,1,1
1177,1177,-46,-40.835,-5.17E+00,1,1
1178,1178,-43.75,-39.481,-4.27E+00,1,1
1179,1179,-42.375,-40.218,-2.16E+00,1,1
1180,1180,-43,-41.176,-1.82E+00,1,1
1181,1181,-43.25,-42.093,-1.16E+00,1,1
1182,1182,-44.25,-42.92,-1.33E+00,1,1
1183,1183,-45,-43.631,-1.37E+00,1,1
1184,1184,-45.75,-44.261,-1.49E+00,1,1
1185,1185,-46,-44.248,-1.75E+00,1,1
1186,1186,-46.125,-43.043,-3.08E+00,1,1
1187,1187,-46,-42.279,-3.72E+00,1,1
1188,1188,-46,-42.684,-3.32E+00,1,1
1189,1189,-46,-43.302,-2.70E+00,1,1
1190,1190,-46,-43.93,-2.07E+00,1,1
1191,1191,-46,-44.535,-1.47E+00,1,1
1192,1192,-46,-45.084,-9.16E-01,1,1
1193,1193,-46,-45.601,-3.99E-01,1,1
1194,1194,-46,-46.083,8.28E-02,1,1
1195,1195,-46,-46.528,5.28E-01,1,1
1196,1196,-46,-46.951,9.51E-01,1,1
1197,1197,-46,-47.345,1.35E+00,1,1
1198,1198,-46,-47.717,1.72E+00,1,1
1199,1199,-46,-48.069,2.07E+00,1,1
1200,1200,-46.625,-48.4,1.78E+00,1,1
1201,1201,-47,-48.719,1.72E+00,1,1
1202,1202,-47,-49.02,2.02E+00,1,1
1203,1203,-47,-47.957,9.57E-01,1,1
1204,1204,-47,-45.241,-1.76E+00,1,1
1205,1205,-47,-44.44,-2.56E+00,1,1
1206,1206,-47,-44.762,-2.24E+00,1,1
1207,1207,-47.875,-45.304,-2.57E+00,1,1
1208,1208,-48,-45.883,-2.12E+00,1,1
1209,1209,-48,-46.426,-1.57E+00,1,1
1210,1210,-48,-46.938,-1.06E+00,1,1
1211,1211,-48,-47.425,-5.75E-01,1,1
1212,1212,-48,-47.876,-1.24E-01,1,1
1213,1213,-48,-48.3,3.00E-01,1,1
1214,1214,-48,-48.696,6.96E-01,1,1
1215,1215,-48,-49.075,1.08E+00,1,1
1216,1216,-48,-49.435,1.43E+00,1,1
1217,1217,-48,-49.775,1.78E+00,1,1
1218,1218,-48,-50.098,2.10E+00,1,1
1219,1219,-48,-50.406,2.41E+00,1,1
1220,1220,-48,-50.703,2.70E+00,1,1
1221,1221,-48,-50.989,2.99E+00,1,1
1222,1222,-48,-51.07,3.07E+00,1,1
1223,1223,-48,-50.87,2.87E+00,1,1
1224,1224,-48,-50.979,2.98E+00,1,1
1225,1225,-48,-51.204,3.20E+00,1,1
1226,1226,-48.125,-51.459,3.33E+00,1,1
1227,1227,-49,-51.717,2.72E+00,1,1
1228,1228,-49,-51.966,2.97E+00,1,1
1229,1229,-50,-52.208,2.21E+00,1,1
1230,1230,-50,-52.441,2.44E+00,1,1
1231,1231,-50,-52.671,2.67E+00,1,1
1232,1232,-50,-52.888,2.89E+00,1,1
1233,1233,-50,-53.101,3.10E+00,1,1
1234,1234,-50,-53.304,3.30E+00,1,1
1235,1235,-50,-53.499,3.50E+00,1,1
1236,1236,-50,-53.687,3.69E+00,1,1
1237,1237,-50,-53.868,3.87E+00,1,1
1238,1238,-50,-54.042,4.04E+00,1,1
1239,1239,-49.25,-54.208,4.96E+00,1,1
1240,1240,-49,-54.279,5.28E+00,1,1
1241,1241,-49,-53.795,4.79E+00,1,1
1242,1242,-49,-40.787,-8.21E+00,1,1
1243,1243,-36.625,-29.197,-7.43E+00,1,1
1244,1244,-30.125,-29.579,-5.46E-01,1,1
1245,1245,-31.25,-31.426,1.76E-01,1,1
1246,1246,-32,-33.297,1.30E+00,1,1
1247,1247,-33,-35.068,2.07E+00,1,1
1248,1248,-34,-36.481,2.48E+00,1,1
1249,1249,-34.75,-37.604,2.85E+00,1,1
1250,1250,-35.125,-38.467,3.34E+00,1,1
1251,1251,-36,-39.14,3.14E+00,1,1
1252,1252,-36.75,-39.719,2.97E+00,1,1
1253,1253,-38,-40.18,2.18E+00,1,1
1254,1254,-39,-39.41,4.10E-01,1,1
1255,1255,-39.875,-37.622,-2.25E+00,1,1
1256,1256,-40,-30.999,-9.00E+00,1,1
1257,1257,-28.875,-28.11,-7.65E-01,1,1
1258,1258,-27.75,-29.774,2.02E+00,1,1
1259,1259,-29.5,-31.37,1.87E+00,1,1
1260,1260,-30.75,-32.591,1.84E+00,1,1
1261,1261,-32.125,-32.412,2.87E-01,1,1
1262,1262,-32.375,-32.039,-3.36E-01,1,1
1263,1263,-32,-32.743,7.43E-01,1,1
1264,1264,-32.25,-33.479,1.23E+00,1,1
1265,1265,-33,-34.125,1.13E+00,1,1
1266,1266,-33.5,-34.678,1.18E+00,1,1
1267,1267,-34,-35.193,1.19E+00,1,1
1268,1268,-34.5,-35.651,1.15E+00,1,1
1269,1269,-35,-36.09,1.09E+00,1,1
1270,1270,-35.875,-36.51,6.35E-01,1,1
1271,1271,-36,-36.919,9.19E-01,1,1
1272,1272,-36.625,-37.321,6.96E-01,1,1
1273,1273,-37,-37.481,4.81E-01,1,1
1274,1274,-37.875,-37.525,-3.50E-01,1,1
1275,1275,-38.375,-37.887,-4.88E-01,1,1
1276,1276,-39.25,-38.307,-9.43E-01,1,1
1277,1277,-40,-38.736,-1.26E+00,1,1
1278,1278,-40.875,-39.163,-1.71E+00,1,1
1279,1279,-41.125,-39.594,-1.53E+00,1,1
1280,1280,-42,-40.025,-1.98E+00,1,1
1281,1281,-42,-40.454,-1.55E+00,1,1
1282,1282,-42.875,-40.877,-2.00E+00,1,1
1283,1283,-43,-41.29,-1.71E+00,1,1
1284,1284,-43,-41.706,-1.29E+00,1,1
1285,1285,-43,-42.118,-8.82E-01,1,1
1286,1286,-43,-42.517,-4.83E-01,1,1
1287,1287,-43.625,-42.913,-7.12E-01,1,1
1288,1288,-44,-43.296,-7.04E-01,1,1
1289,1289,-44,-43.678,-3.22E-01,1,1
1290,1290,-44,-44.053,5.27E-02,1,1
1291,1291,-44,-44.411,4.11E-01,1,1
1292,1292,-44,-44.765,7.65E-01,1,1
1293,1293,-44,-45.103,1.10E+00,1,1
1294,1294,-44.125,-45.437,1.31E+00,1,1
1295,1295,-45,-45.767,7.67E-01,1,1
1296,1296,-44.875,-46.08,1.21E+00,1,1
1297,1297,-44,-46.388,2.39E+00,1,1
1298,1298,-44.5,-46.685,2.19E+00,1,1
1299,1299,-45.5,-46.978,1.48E+00,1,1
1300,1300,-46.125,-47.266,1.14E+00,1,1
1301,1301,-47,-47.551,5.51E-01,1,1
1302,1302,-47.5,-47.826,3.26E-01,1,1
1303,1303,-48,-48.1,9.98E-02,1,1
1304,1304,-48,-48.374,3.74E-01,1,1
1305,1305,-48,-48.651,6.51E-01,1,1
1306,1306,-48,-48.927,9.27E-01,1,1
1307,1307,-48.625,-49.209,5.84E-01,1,1
1308,1308,-48.125,-49.487,1.36E+00,1,1
1309,1309,-48,-49.764,1.76E+00,1,1
1310,1310,-48,-50.041,2.04E+00,1,1
1311,1311,-48,-50.315,2.32E+00,1,1
1312,1312,-48,-50.587,2.59E+00,1,1
1313,1313,-48,-50.849,2.85E+00,1,1
1314,1314,-48,-51.11,3.11E+00,1,1
1315,1315,-48,-51.362,3.36E+00,1,1
1316,1316,-48,-51.607,3.61E+00,1,1
1317,1317,-48,-51.85,3.85E+00,1,1
1318,1318,-48,-52.084,4.08E+00,1,1
1319,1319,-47.75,-52.316,4.57E+00,1,1
1320,1320,-47.125,-52.542,5.42E+00,1,1
1321,1321,-48,-52.764,4.76E+00,1,1
1322,1322,-48.75,-52.983,4.23E+00,1,1
1323,1323,-49.625,-53.193,3.57E+00,1,1
1324,1324,-50.5,-53.396,2.90E+00,1,1
1325,1325,-51,-53.593,2.59E+00,1,1
1326,1326,-52,-53.784,1.78E+00,1,1
1327,1327,-52,-53.973,1.97E+00,1,1
1328,1328,-52.75,-54.154,1.40E+00,1,1
1329,1329,-53,-54.333,1.33E+00,1,1
1330,1330,-53,-54.509,1.51E+00,1,1
1331,1331,-53,-54.681,1.68E+00,1,1
1332,1332,-52.625,-54.85,2.22E+00,1,1
1333,1333,-52,-55.013,3.01E+00,1,1
1334,1334,-52,-55.17,3.17E+00,1,1
1335,1335,-52,-55.321,3.32E+00,1,1
1336,1336,-52,-55.468,3.47E+00,1,1
1337,1337,-52,-55.609,3.61E+00,1,1
1338,1338,-52,-55.746,3.75E+00,1,1
1339,1339,-52,-55.877,3.88E+00,1,1
1340,1340,-52,-56.003,4.00E+00,1,1
1341,1341,-52,-56.124,4.12E+00,1,1
1342,1342,-52,-56.242,4.24E+00,1,1
1343,1343,-52,-56.264,4.26E+00,1,1
1344,1344,-51.25,-54.079,2.83E+00,1,1
1345,1345,-50.75,-49.561,-1.19E+00,1,1
1346,1346,-50,-48.584,-1.42E+00,1,1
1347,1347,-50.375,-48.841,-1.53E+00,1,1
1348,1348,-51,-49.334,-1.67E+00,1,1
1349,1349,-51,-49.866,-1.13E+00,1,1
1350,1350,-52,-50.375,-1.63E+00,1,1
1351,1351,-52,-50.85,-1.15E+00,1,1
1352,1352,-53,-51.288,-1.71E+00,1,1
1353,1353,-53,-51.703,-1.30E+00,1,1
1354,1354,-53,-52.084,-9.16E-01,1,1
1355,1355,-52.875,-52.437,-4.38E-01,1,1
1356,1356,-52,-52.765,7.65E-01,1,1
1357,1357,-52,-53.075,1.07E+00,1,1
1358,1358,-52,-53.366,1.37E+00,1,1
1359,1359,-52,-53.634,1.63E+00,1,1
1360,1360,-52,-53.885,1.89E+00,1,1
1361,1361,-52,-54.122,2.12E+00,1,1
1362,1362,-52,-54.345,2.35E+00,1,1
1363,1363,-52,-54.557,2.56E+00,1,1
1364,1364,-52,-54.761,2.76E+00,1,1
1365,1365,-52,-54.951,2.95E+00,1,1
1366,1366,-52,-55.129,3.13E+00,1,1
1367,1367,-52,-54.696,2.70E+00,1,1
1368,1368,-51.875,-51.282,-5.93E-01,1,1
1369,1369,-50,-47.311,-2.69E+00,1,1
1370,1370,-50,-46.986,-3.01E+00,1,1
1371,1371,-50,-47.431,-2.57E+00,1,1
1372,1372,-50,-48.034,-1.97E+00,1,1
1373,1373,-50.625,-48.656,-1.97E+00,1,1
1374,1374,-51,-49.233,-1.77E+00,1,1
1375,1375,-52,-49.773,-2.23E+00,1,1
1376,1376,-52,-50.274,-1.73E+00,1,1
1377,1377,-52,-50.738,-1.26E+00,1,1
1378,1378,-52,-51.173,-8.27E-01,1,1
1379,1379,-52,-51.574,-4.26E-01,1,1
1380,1380,-52,-51.947,-5.26E-02,1,1
1381,1381,-52,-52.293,2.93E-01,1,1
1382,1382,-52,-52.616,6.16E-01,1,1
1383,1383,-52,-52.925,9.25E-01,1,1
1384,1384,-52,-53.214,1.21E+00,1,1
1385,1385,-52,-53.481,1.48E+00,1,1
1386,1386,-52,-53.733,1.73E+00,1,1
1387,1387,-52,-53.97,1.97E+00,1,1
1388,1388,-52,-54.198,2.20E+00,1,1
1389,1389,-52,-54.411,2.41E+00,1,1
1390,1390,-52.25,-54.613,2.36E+00,1,1
1391,1391,-52.875,-54.423,1.55E+00,1,1
1392,1392,-53,-52.951,-4.85E-02,1,1
1393,1393,-52,-51.236,-7.64E-01,1,1
1394,1394,-51.125,-50.973,-1.52E-01,1,1
1395,1395,-51,-51.192,1.92E-01,1,1
1396,1396,-51,-51.529,5.29E-01,1,1
1397,1397,-51.75,-51.895,1.45E-01,1,1
1398,1398,-51.75,-52.052,3.02E-01,1,1
1399,1399,-52,-51.937,-6.32E-02,1,1
1400,1400,-52,-52.117,1.17E-01,1,1
1401,1401,-52.375,-52.406,3.05E-02,1,1
1402,1402,-53,-52.715,-2.85E-01,1,1
1403,1403,-53,-53.023,2.26E-02,1,1
1404,1404,-53,-53.314,3.14E-01,1,1
1405,1405,-53,-53.586,5.86E-01,1,1
1406,1406,-53,-53.842,8.42E-01,1,1
1407,1407,-53,-54.084,1.08E+00,1,1
1408,1408,-53,-54.316,1.32E+00,1,1
1409,1409,-53,-54.53,1.53E+00,1,1
1410,1410,-53,-54.737,1.74E+00,1,1
1411,1411,-53,-54.931,1.93E+00,1,1
1412,1412,-53,-55.112,2.11E+00,1,1
1413,1413,-53,-55.285,2.28E+00,1,1
1414,1414,-53,-55.448,2.45E+00,1,1
1415,1415,-53,-54.733,1.73E+00,1,1
1416,1416,-53.25,-52.047,-1.20E+00,1,1
1417,1417,-50.25,-49.979,-2.71E-01,1,1
1418,1418,-50,-49.808,-1.92E-01,1,1
1419,1419,-50,-50.133,1.33E-01,1,1
1420,1420,-51,-50.557,-4.43E-01,1,1
1421,1421,-51.75,-51.004,-7.46E-01,1,1
1422,1422,-52.625,-51.422,-1.20E+00,1,1
1423,1423,-53.25,-51.828,-1.42E+00,1,1
1424,1424,-54,-52.203,-1.80E+00,1,1
1425,1425,-54,-52.549,-1.45E+00,1,1
1426,1426,-54,-52.873,-1.13E+00,1,1
1427,1427,-54,-53.181,-8.19E-01,1,1
1428,1428,-54,-53.468,-5.32E-01,1,1
1429,1429,-54,-53.733,-2.67E-01,1,1
1430,1430,-54,-53.981,-1.93E-02,1,1
1431,1431,-54,-54.214,2.14E-01,1,1
1432,1432,-54,-54.434,4.34E-01,1,1
1433,1433,-54,-54.647,6.47E-01,1,1
1434,1434,-54,-54.846,8.46E-01,1,1
1435,1435,-54,-55.031,1.03E+00,1,1
1436,1436,-54,-55.206,1.21E+00,1,1
1437,1437,-54,-55.372,1.37E+00,1,1
1438,1438,-54,-55.53,1.53E+00,1,1
1439,1439,-54,-54.42,4.20E-01,1,1
1440,1440,-53.625,-49.45,-4.18E+00,1,1
1441,1441,-50.25,-45.774,-4.48E+00,1,1
1442,1442,-50,-45.738,-4.26E+00,1,1
1443,1443,-50.25,-46.308,-3.94E+00,1,1
1444,1444,-51,-47.037,-3.96E+00,1,1
1445,1445,-52,-47.727,-4.27E+00,1,1
1446,1446,-52,-48.37,-3.63E+00,1,1
1447,1447,-52.5,-48.964,-3.54E+00,1,1
1448,1448,-53,-49.427,-3.57E+00,1,1
1449,1449,-53,-48.095,-4.90E+00,1,1
1450,1450,-52.75,-45.481,-7.27E+00,1,1
1451,1451,-52,-45.29,-6.71E+00,1,1
1452,1452,-52,-45.878,-6.12E+00,1,1
1453,1453,-52,-46.563,-5.44E+00,1,1
1454,1454,-51.875,-44.858,-7.02E+00,1,1
1455,1455,-47.5,-40.478,-7.02E+00,1,1
1456,1456,-44,-39.01,-4.99E+00,1,1
1457,1457,-44,-39.577,-4.42E+00,1,1
1458,1458,-44,-40.725,-3.28E+00,1,1
1459,1459,-44,-41.841,-2.16E+00,1,1
1460,1460,-44.625,-42.848,-1.78E+00,1,1
1461,1461,-45,-43.713,-1.29E+00,1,1
1462,1462,-45.625,-44.469,-1.16E+00,1,1
1463,1463,-46,-45.132,-8.68E-01,1,1
1464,1464,-46.375,-45.731,-6.44E-01,1,1
1465,1465,-47,-46.254,-7.46E-01,1,1
1466,1466,-47.25,-46.722,-5.28E-01,1,1
1467,1467,-48,-47.144,-8.56E-01,1,1
1468,1468,-48.5,-47.53,-9.70E-01,1,1
1469,1469,-49.125,-47.887,-1.24E+00,1,1
1470,1470,-50,-48.215,-1.78E+00,1,1
1471,1471,-50.75,-48.523,-2.23E+00,1,1
1472,1472,-51,-48.817,-2.18E+00,1,1
1473,1473,-52,-49.104,-2.90E+00,1,1
1474,1474,-52,-49.382,-2.62E+00,1,1
1475,1475,-52,-49.65,-2.35E+00,1,1
1476,1476,-52,-49.913,-2.09E+00,1,1
1477,1477,-52,-50.173,-1.83E+00,1,1
1478,1478,-52,-50.431,-1.57E+00,1,1
1479,1479,-52,-50.688,-1.31E+00,1,1
1480,1480,-52.625,-50.944,-1.68E+00,1,1
1481,1481,-53,-51.201,-1.80E+00,1,1
1482,1482,-53,-51.453,-1.55E+00,1,1
1483,1483,-53,-51.702,-1.30E+00,1,1
1484,1484,-53,-51.95,-1.05E+00,1,1
1485,1485,-53,-52.195,-8.05E-01,1,1
1486,1486,-53.75,-51.94,-1.81E+00,1,1
1487,1487,-53.75,-48.729,-5.02E+00,1,1
1488,1488,-50.25,-44.926,-5.32E+00,1,1
1489,1489,-50,-44.829,-5.17E+00,1,1
1490,1490,-50,-45.411,-4.59E+00,1,1
1491,1491,-50.75,-46.112,-4.64E+00,1,1
1492,1492,-51.5,-46.801,-4.70E+00,1,1
1493,1493,-52.5,-47.445,-5.05E+00,1,1
1494,1494,-53.5,-48.053,-5.45E+00,1,1
1495,1495,-54,-48.614,-5.39E+00,1,1
1496,1496,-55,-49.132,-5.87E+00,1,1
1497,1497,-55,-49.609,-5.39E+00,1,1
1498,1498,-55,-50.06,-4.94E+00,1,1
1499,1499,-55,-50.489,-4.51E+00,1,1
1500,1500,-55,-50.883,-4.12E+00,1,1
1501,1501,-55,-51.256,-3.74E+00,1,1
1502,1502,-55,-51.612,-3.39E+00,1,1
1503,1503,-55,-51.945,-3.06E+00,1,1
1504,1504,-55,-52.265,-2.74E+00,1,1
1505,1505,-55,-52.563,-2.44E+00,1,1
1506,1506,-55,-52.847,-2.15E+00,1,1
1507,1507,-55,-53.123,-1.88E+00,1,1
1508,1508,-55,-53.38,-1.62E+00,1,1
1509,1509,-55,-53.627,-1.37E+00,1,1
1510,1510,-55,-53.859,-1.14E+00,1,1
1511,1511,-55,-52.069,-2.93E+00,1,1
1512,1512,-51.375,-44.766,-6.61E+00,1,1
1513,1513,-40.875,-41.087,2.12E-01,1,1
1514,1514,-44.375,-41.314,-3.06E+00,1,1
1515,1515,-46.25,-41.984,-4.27E+00,1,1
1516,1516,-47.75,-42.993,-4.76E+00,1,1
1517,1517,-49.375,-43.965,-5.41E+00,1,1
1518,1518,-50.625,-44.852,-5.77E+00,1,1
1519,1519,-51.375,-45.652,-5.72E+00,1,1
1520,1520,-52.25,-46.348,-5.90E+00,1,1
1521,1521,-53,-46.976,-6.02E+00,1,1
1522,1522,-53,-47.558,-5.44E+00,1,1
1523,1523,-54,-48.085,-5.91E+00,1,1
1524,1524,-54,-48.59,-5.41E+00,1,1
1525,1525,-54,-49.051,-4.95E+00,1,1
1526,1526,-54,-49.482,-4.52E+00,1,1
1527,1527,-54,-49.894,-4.11E+00,1,1
1528,1528,-54,-50.283,-3.72E+00,1,1
1529,1529,-54,-50.66,-3.34E+00,1,1
1530,1530,-54,-51.013,-2.99E+00,1,1
1531,1531,-54,-51.356,-2.64E+00,1,1
1532,1532,-54,-51.682,-2.32E+00,1,1
1533,1533,-54,-51.992,-2.01E+00,1,1
1534,1534,-54,-51.025,-2.98E+00,1,1
1535,1535,-51,-44.195,-6.81E+00,1,1
1536,1536,-37.375,-37.527,1.52E-01,1,1
1537,1537,-33.5,-36.687,3.19E+00,1,1
1538,1538,-36.25,-38.078,1.83E+00,1,1
1539,1539,-38.5,-39.468,9.68E-01,1,1
1540,1540,-40.125,-40.699,5.74E-01,1,1
1541,1541,-41.5,-41.75,2.50E-01,1,1
1542,1542,-42.75,-42.607,-1.43E-01,1,1
1543,1543,-44,-43.325,-6.75E-01,1,1
1544,1544,-45,-43.947,-1.05E+00,1,1
1545,1545,-46,-44.476,-1.52E+00,1,1
1546,1546,-46.75,-44.933,-1.82E+00,1,1
1547,1547,-47,-45.338,-1.66E+00,1,1
1548,1548,-47,-45.715,-1.29E+00,1,1
1549,1549,-47.875,-46.056,-1.82E+00,1,1
1550,1550,-48,-46.371,-1.63E+00,1,1
1551,1551,-48,-46.666,-1.33E+00,1,1
1552,1552,-48,-46.945,-1.05E+00,1,1
1553,1553,-48.375,-47.214,-1.16E+00,1,1
1554,1554,-48.875,-47.477,-1.40E+00,1,1
1555,1555,-49,-47.731,-1.27E+00,1,1
1556,1556,-49,-41.601,-7.40E+00,1,1
1557,1557,-38.875,-32.236,-6.64E+00,1,1
1558,1558,-33.875,-31.516,-2.36E+00,1,1
1559,1559,-35.375,-33.116,-2.26E+00,1,1
1560,1560,-36.375,-34.342,-2.03E+00,1,1
1561,1561,-37.125,-34.348,-2.78E+00,1,1
1562,1562,-36.375,-33.404,-2.97E+00,1,1
1563,1563,-33.125,-33.221,9.61E-02,1,1
1564,1564,-34.125,-34.006,-1.19E-01,1,1
1565,1565,-35.5,-34.753,-7.47E-01,1,1
1566,1566,-36.625,-35.306,-1.32E+00,1,1
1567,1567,-37.875,-35.751,-2.12E+00,1,1
1568,1568,-38.5,-35.802,-2.70E+00,1,1
1569,1569,-39.25,-36.049,-3.20E+00,1,1
1570,1570,-40,-36.609,-3.39E+00,1,1
1571,1571,-40.75,-37.18,-3.57E+00,1,1
1572,1572,-41,-37.729,-3.27E+00,1,1
1573,1573,-42,-38.252,-3.75E+00,1,1
1574,1574,-42,-38.758,-3.24E+00,1,1
1575,1575,-42.75,-39.245,-3.50E+00,1,1
1576,1576,-43,-39.718,-3.28E+00,1,1
1577,1577,-43,-40.176,-2.82E+00,1,1
1578,1578,-43.625,-40.617,-3.01E+00,1,1
1579,1579,-44,-41.041,-2.96E+00,1,1
1580,1580,-44,-41.461,-2.54E+00,1,1
1581,1581,-44.5,-41.867,-2.63E+00,1,1
1582,1582,-45,-42.267,-2.73E+00,1,1
1583,1583,-45,-42.653,-2.35E+00,1,1
1584,1584,-45,-43.035,-1.97E+00,1,1
1585,1585,-45.75,-43.412,-2.34E+00,1,1
1586,1586,-46,-43.786,-2.21E+00,1,1
1587,1587,-46.75,-44.149,-2.60E+00,1,1
1588,1588,-47.5,-44.502,-3.00E+00,1,1
1589,1589,-48,-44.851,-3.15E+00,1,1
1590,1590,-48.5,-45.195,-3.30E+00,1,1
1591,1591,-49,-45.538,-3.46E+00,1,1
1592,1592,-49,-45.876,-3.12E+00,1,1
1593,1593,-49,-46.203,-2.80E+00,1,1
1594,1594,-49.5,-46.526,-2.97E+00,1,1
1595,1595,-50,-46.845,-3.15E+00,1,1
1596,1596,-50,-47.157,-2.84E+00,1,1
1597,1597,-50,-47.474,-2.53E+00,1,1
1598,1598,-50,-47.782,-2.22E+00,1,1
1599,1599,-50,-48.084,-1.92E+00,1,1
1600,1600,-50,-48.384,-1.62E+00,1,1
1601,1601,-50,-48.678,-1.32E+00,1,1
1602,1602,-50,-48.97,-1.03E+00,1,1
1603,1603,-50,-49.262,-7.38E-01,1,1
1604,1604,-50,-49.545,-4.55E-01,1,1
1605,1605,-50.5,-49.823,-6.77E-01,1,1
1606,1606,-51,-50.095,-9.05E-01,1,1
1607,1607,-51,-50.364,-6.36E-01,1,1
1608,1608,-51,-50.628,-3.72E-01,1,1
1609,1609,-48.75,-50.89,2.14E+00,1,1
1610,1610,-44.625,-51.15,6.52E+00,1,1
1611,1611,-44,-51.401,7.40E+00,1,1
1612,1612,-44,-51.648,7.65E+00,1,1
1613,1613,-44.875,-51.891,7.02E+00,1,1
1614,1614,-45.5,-52.13,6.63E+00,1,1
1615,1615,-46.25,-52.365,6.12E+00,1,1
1616,1616,-47,-52.595,5.59E+00,1,1
1617,1617,-47.75,-52.824,5.07E+00,1,1
1618,1618,-48,-53.051,5.05E+00,1,1
1619,1619,-48.125,-53.271,5.15E+00,1,1
1620,1620,-49,-53.487,4.49E+00,1,1
1621,1621,-49,-53.698,4.70E+00,1,1
1622,1622,-49,-53.903,4.90E+00,1,1
1623,1623,-49,-54.103,5.10E+00,1,1
1624,1624,-49,-54.297,5.30E+00,1,1
1625,1625,-49,-54.487,5.49E+00,1,1
1626,1626,-49,-54.67,5.67E+00,1,1
1627,1627,-49.875,-54.849,4.97E+00,1,1
1628,1628,-50,-55.018,5.02E+00,1,1
1629,1629,-50,-55.18,5.18E+00,1,1
1630,1630,-50,-54.733,4.73E+00,1,1
1631,1631,-48.125,-50.154,2.03E+00,1,1
1632,1632,-42.75,-43.549,7.99E-01,1,1
1633,1633,-43,-42.146,-8.54E-01,1,1
1634,1634,-43,-42.895,-1.05E-01,1,1
1635,1635,-43.75,-43.886,1.36E-01,1,1
1636,1636,-44.5,-44.8,3.00E-01,1,1
1637,1637,-45.5,-45.605,1.05E-01,1,1
1638,1638,-46.625,-46.283,-3.42E-01,1,1
1639,1639,-47.25,-46.854,-3.96E-01,1,1
1640,1640,-48,-47.369,-6.31E-01,1,1
1641,1641,-48,-47.806,-1.94E-01,1,1
1642,1642,-49,-48.186,-8.14E-01,1,1
1643,1643,-49,-48.527,-4.73E-01,1,1
1644,1644,-49,-48.836,-1.64E-01,1,1
1645,1645,-49,-49.126,1.26E-01,1,1
1646,1646,-49,-49.394,3.94E-01,1,1
1647,1647,-49,-49.648,6.48E-01,1,1
1648,1648,-49,-49.889,8.89E-01,1,1
1649,1649,-49,-50.122,1.12E+00,1,1
1650,1650,-49,-50.349,1.35E+00,1,1
1651,1651,-49.75,-50.569,8.19E-01,1,1
1652,1652,-50,-50.785,7.85E-01,1,1
1653,1653,-50,-51,1.00E+00,1,1
1654,1654,-50,-51.21,1.21E+00,1,1
1655,1655,-50,-51.001,1.00E+00,1,1
1656,1656,-43.25,-50.276,7.03E+00,1,1
1657,1657,-39.125,-50.208,1.11E+01,1,1
1658,1658,-39.375,-50.385,1.10E+01,1,1
1659,1659,-40.25,-50.615,1.04E+01,1,1
1660,1660,-41.25,-50.834,9.58E+00,1,1
1661,1661,-42.125,-51.014,8.89E+00,1,1
1662,1662,-43,-51.157,8.16E+00,1,1
1663,1663,-44,-51.261,7.26E+00,1,1
1664,1664,-44,-51.335,7.34E+00,1,1
1665,1665,-45,-43.77,-1.23E+00,1,1
1666,1666,-30.625,-32.831,2.21E+00,1,1
1667,1667,-24.5,-31.056,6.56E+00,1,1
1668,1668,-25.25,-31.618,6.37E+00,1,1
1669,1669,-26.25,-32.251,6.00E+00,1,1
1670,1670,-27,-32.886,5.89E+00,1,1
1671,1671,-27.5,-33.697,6.20E+00,1,1
1672,1672,-28.5,-34.521,6.02E+00,1,1
1673,1673,-29.5,-35.216,5.72E+00,1,1
1674,1674,-30.625,-35.719,5.09E+00,1,1
1675,1675,-31.375,-36.104,4.73E+00,1,1
1676,1676,-32.25,-36.406,4.16E+00,1,1
1677,1677,-33,-36.667,3.67E+00,1,1
1678,1678,-33.75,-36.905,3.15E+00,1,1
1679,1679,-34.25,-37.135,2.89E+00,1,1
1680,1680,-35,-37.369,2.37E+00,1,1
1681,1681,-35.375,-37.613,2.24E+00,1,1
1682,1682,-36,-37.88,1.88E+00,1,1
1683,1683,-37.125,-38.153,1.03E+00,1,1
1684,1684,-38.625,-38.434,-1.91E-01,1,1
1685,1685,-39.75,-38.725,-1.02E+00,1,1
1686,1686,-41,-39.026,-1.97E+00,1,1
1687,1687,-41.625,-39.341,-2.28E+00,1,1
1688,1688,-42.375,-39.672,-2.70E+00,1,1
1689,1689,-43,-40.02,-2.98E+00,1,1
1690,1690,-43,-40.374,-2.63E+00,1,1
1691,1691,-43.75,-40.736,-3.01E+00,1,1
1692,1692,-44,-41.098,-2.90E+00,1,1
1693,1693,-44,-41.465,-2.53E+00,1,1
1694,1694,-44,-41.829,-2.17E+00,1,1
1695,1695,-44.5,-42.189,-2.31E+00,1,1
1696,1696,-45,-42.54,-2.46E+00,1,1
1697,1697,-45,-42.884,-2.12E+00,1,1
1698,1698,-45,-43.225,-1.78E+00,1,1
1699,1699,-45,-43.344,-1.66E+00,1,1
1700,1700,-45,-43.268,-1.73E+00,1,1
1701,1701,-45.25,-43.514,-1.74E+00,1,1
1702,1702,-46,-43.857,-2.14E+00,1,1
1703,1703,-46,-44.213,-1.79E+00,1,1
1704,1704,-46,-44.563,-1.44E+00,1,1
1705,1705,-46,-44.907,-1.09E+00,1,1
1706,1706,-46.75,-45.242,-1.51E+00,1,1
1707,1707,-47,-45.462,-1.54E+00,1,1
1708,1708,-47,-45.455,-1.54E+00,1,1
1709,1709,-47,-45.515,-1.49E+00,1,1
1710,1710,-47.75,-45.781,-1.97E+00,1,1
1711,1711,-47.875,-45.982,-1.89E+00,1,1
1712,1712,-48,-42.375,-5.62E+00,1,1
1713,1713,-48,-37.846,-1.02E+01,1,1
1714,1714,-48,-38.272,-9.73E+00,1,1
1715,1715,-48,-39.207,-8.79E+00,1,1
1716,1716,-48,-40.166,-7.83E+00,1,1
1717,1717,-48,-41.043,-6.96E+00,1,1
1718,1718,-48,-41.84,-6.16E+00,1,1
1719,1719,-48,-42.57,-5.43E+00,1,1
1720,1720,-48,-43.241,-4.76E+00,1,1
1721,1721,-48,-43.867,-4.13E+00,1,1
1722,1722,-48,-44.44,-3.56E+00,1,1
1723,1723,-48,-44.967,-3.03E+00,1,1
1724,1724,-48,-45.464,-2.54E+00,1,1
1725,1725,-48,-45.941,-2.06E+00,1,1
1726,1726,-48.5,-46.391,-2.11E+00,1,1
1727,1727,-48.625,-46.809,-1.82E+00,1,1
1728,1728,-48.875,-47.212,-1.66E+00,1,1
1729,1729,-48.75,-47.597,-1.15E+00,1,1
1730,1730,-49,-47.961,-1.04E+00,1,1
1731,1731,-49,-48.31,-6.90E-01,1,1
1732,1732,-49,-48.639,-3.61E-01,1,1
1733,1733,-49,-47.736,-1.26E+00,1,1
1734,1734,-49,-45.147,-3.85E+00,1,1
1735,1735,-49,-44.159,-4.84E+00,1,1
1736,1736,-49,-44.475,-4.53E+00,1,1
1737,1737,-49,-43.331,-5.67E+00,1,1
1738,1738,-49,-41.325,-7.67E+00,1,1
1739,1739,-48.25,-41.738,-6.51E+00,1,1
1740,1740,-48,-42.531,-5.47E+00,1,1
1741,1741,-48,-26.283,-2.17E+01,1,1
1742,1742,-12.375,-23.309,1.09E+01,1,1
1743,1743,-18.25,-26.571,8.32E+00,1,1
1744,1744,-23.125,-29.149,6.02E+00,1,1
1745,1745,-26.75,-31.008,4.26E+00,1,1
1746,1746,-29.125,-32.301,3.18E+00,1,1
1747,1747,-31.5,-33.187,1.69E+00,1,1
1748,1748,-33.125,-33.768,6.43E-01,1,1
1749,1749,-34.625,-34.217,-4.08E-01,1,1
1750,1750,-35.75,-34.624,-1.13E+00,1,1
1751,1751,-36.75,-35.017,-1.73E+00,1,1
1752,1752,-37.875,-35.408,-2.47E+00,1,1
1753,1753,-38.625,-35.807,-2.82E+00,1,1
1754,1754,-39.375,-36.228,-3.15E+00,1,1
1755,1755,-40,-36.653,-3.35E+00,1,1
1756,1756,-41,-37.09,-3.91E+00,1,1
1757,1757,-41.625,-37.521,-4.10E+00,1,1
1758,1758,-42.25,-37.971,-4.28E+00,1,1
1759,1759,-43,-38.419,-4.58E+00,1,1
1760,1760,-44,-38.863,-5.14E+00,1,1
1761,1761,-44,-39.311,-4.69E+00,1,1
1762,1762,-44.75,-39.749,-5.00E+00,1,1
1763,1763,-45,-40.194,-4.81E+00,1,1
1764,1764,-45,-40.633,-4.37E+00,1,1
1765,1765,-45,-41.065,-3.94E+00,1,1
1766,1766,-45,-41.503,-3.50E+00,1,1
1767,1767,-45,-41.922,-3.08E+00,1,1
1768,1768,-45,-42.344,-2.66E+00,1,1
1769,1769,-45.375,-42.757,-2.62E+00,1,1
1770,1770,-46,-43.165,-2.83E+00,1,1
1771,1771,-46,-43.572,-2.43E+00,1,1
1772,1772,-46,-43.964,-2.04E+00,1,1
1773,1773,-46,-44.345,-1.65E+00,1,1
1774,1774,-46,-44.719,-1.28E+00,1,1
1775,1775,-46.125,-45.086,-1.04E+00,1,1
1776,1776,-47,-45.455,-1.55E+00,1,1
1777,1777,-47,-45.809,-1.19E+00,1,1
1778,1778,-47.125,-46.157,-9.68E-01,1,1
1779,1779,-48,-46.5,-1.50E+00,1,1
1780,1780,-48.5,-46.836,-1.66E+00,1,1
1781,1781,-49,-47.171,-1.83E+00,1,1
1782,1782,-49.5,-47.496,-2.00E+00,1,1
1783,1783,-50,-47.814,-2.19E+00,1,1
1784,1784,-50,-48.125,-1.88E+00,1,1
1785,1785,-50,-48.43,-1.57E+00,1,1
1786,1786,-50,-48.73,-1.27E+00,1,1
1787,1787,-50,-49.019,-9.81E-01,1,1
1788,1788,-50,-49.309,-6.91E-01,1,1
1789,1789,-50,-49.59,-4.10E-01,1,1
1790,1790,-50,-49.864,-1.36E-01,1,1
1791,1791,-50,-50.137,1.37E-01,1,1
1792,1792,-50,-50.402,4.02E-01,1,1
1793,1793,-50,-50.664,6.64E-01,1,1
1794,1794,-50,-50.922,9.22E-01,1,1
1795,1795,-50,-51.176,1.18E+00,1,1
1796,1796,-50,-51.422,1.42E+00,1,1
1797,1797,-50,-51.663,1.66E+00,1,1
1798,1798,-50,-50.311,3.11E-01,1,1
1799,1799,-49.75,-47.095,-2.66E+00,1,1
1800,1800,-48.75,-46.503,-2.25E+00,1,1
1801,1801,-48,-46.864,-1.14E+00,1,1
1802,1802,-48,-47.398,-6.02E-01,1,1
1803,1803,-48,-47.953,-4.70E-02,1,1
1804,1804,-48.625,-48.484,-1.41E-01,1,1
1805,1805,-49,-48.983,-1.68E-02,1,1
1806,1806,-50,-49.444,-5.56E-01,1,1
1807,1807,-50,-49.88,-1.20E-01,1,1
1808,1808,-50,-50.285,2.85E-01,1,1
1809,1809,-50,-50.664,6.64E-01,1,1
1810,1810,-50,-51.017,1.02E+00,1,1
1811,1811,-50,-51.353,1.35E+00,1,1
1812,1812,-50,-51.671,1.67E+00,1,1
1813,1813,-50,-51.966,1.97E+00,1,1
1814,1814,-50,-52.245,2.25E+00,1,1
1815,1815,-50,-52.511,2.51E+00,1,1
1816,1816,-50,-52.762,2.76E+00,1,1
1817,1817,-50,-53.006,3.01E+00,1,1
1818,1818,-50,-53.233,3.23E+00,1,1
1819,1819,-50,-53.451,3.45E+00,1,1
1820,1820,-50.125,-53.661,3.54E+00,1,1
1821,1821,-50.625,-53.865,3.24E+00,1,1
1822,1822,-50.875,-54.065,3.19E+00,1,1
1823,1823,-51,-54.256,3.26E+00,1,1
1824,1824,-51,-54.443,3.44E+00,1,1
1825,1825,-51,-54.625,3.62E+00,1,1
1826,1826,-51,-54.805,3.80E+00,1,1
1827,1827,-51,-54.974,3.97E+00,1,1
1828,1828,-51,-55.137,4.14E+00,1,1
1829,1829,-51,-55.109,4.11E+00,1,1
1830,1830,-51,-54.779,3.78E+00,1,1
1831,1831,-51,-54.123,3.12E+00,1,1
1832,1832,-51,-49.54,-1.46E+00,1,1
1833,1833,-46.75,-40.107,-6.64E+00,1,1
1834,1834,-40.75,-33.509,-7.24E+00,1,1
1835,1835,-34.75,-32.868,-1.88E+00,1,1
1836,1836,-35.625,-34.787,-8.38E-01,1,1
1837,1837,-36.75,-36.344,-4.06E-01,1,1
1838,1838,-37.625,-35.641,-1.98E+00,1,1
1839,1839,-34.625,-34.542,-8.33E-02,1,1
1840,1840,-33.5,-35.486,1.99E+00,1,1
1841,1841,-34,-35.222,1.22E+00,1,1
1842,1842,-31.125,-34.646,3.52E+00,1,1
1843,1843,-31.5,-35.291,3.79E+00,1,1
1844,1844,-32.625,-35.899,3.27E+00,1,1
1845,1845,-33.875,-36.597,2.72E+00,1,1
1846,1846,-34.875,-37.15,2.28E+00,1,1
1847,1847,-35.875,-37.596,1.72E+00,1,1
1848,1848,-36.875,-37.972,1.10E+00,1,1
1849,1849,-37.5,-38.296,7.96E-01,1,1
1850,1850,-38,-38.601,6.01E-01,1,1
1851,1851,-39,-38.895,-1.05E-01,1,1
1852,1852,-39,-39.186,1.86E-01,1,1
1853,1853,-39.875,-39.243,-6.32E-01,1,1
1854,1854,-40,-39.177,-8.23E-01,1,1
1855,1855,-31.25,-16.066,-1.52E+01,1,1
1856,1856,-2.25,-18.636,1.64E+01,1,1
1857,1857,-8,-22.182,1.42E+01,1,1
1858,1858,-12.375,-23.95,1.16E+01,1,1
1859,1859,-15.625,-24.703,9.08E+00,1,1
1860,1860,-18.75,-25.122,6.37E+00,1,1
1861,1861,-21.125,-25.497,4.37E+00,1,1
1862,1862,-23.375,-25.906,2.53E+00,1,1
1863,1863,-25.125,-26.352,1.23E+00,1,1
1864,1864,-26.625,-26.824,1.99E-01,1,1
1865,1865,-27.875,-27.31,-5.65E-01,1,1
1866,1866,-28.875,-27.812,-1.06E+00,1,1
1867,1867,-29.75,-28.338,-1.41E+00,1,1
1868,1868,-30.625,-28.862,-1.76E+00,1,1
1869,1869,-31.375,-29.409,-1.97E+00,1,1
1870,1870,-32,-29.953,-2.05E+00,1,1
1871,1871,-32.375,-30.482,-1.89E+00,1,1
1872,1872,-33,-31.029,-1.97E+00,1,1
1873,1873,-33.25,-31.556,-1.69E+00,1,1
1874,1874,-34,-32.084,-1.92E+00,1,1
1875,1875,-34.75,-32.6,-2.15E+00,1,1
1876,1876,-35.5,-33.095,-2.41E+00,1,1
1877,1877,-36,-33.593,-2.41E+00,1,1
1878,1878,-37,-34.066,-2.93E+00,1,1
1879,1879,-37.5,-34.563,-2.94E+00,1,1
1880,1880,-38,-35.054,-2.95E+00,1,1
1881,1881,-38,-35.542,-2.46E+00,1,1
1882,1882,-38,-36.039,-1.96E+00,1,1
1883,1883,-38,-36.5,-1.50E+00,1,1
1884,1884,-38.125,-36.956,-1.17E+00,1,1
1885,1885,-39,-37.392,-1.61E+00,1,1
1886,1886,-39,-37.82,-1.18E+00,1,1
1887,1887,-39,-38.24,-7.60E-01,1,1
1888,1888,-39,-38.631,-3.69E-01,1,1
1889,1889,-39,-39.011,1.13E-02,1,1
1890,1890,-39,-39.377,3.77E-01,1,1
1891,1891,-39.375,-39.734,3.59E-01,1,1
1892,1892,-40,-40.083,8.25E-02,1,1
1893,1893,-40,-40.415,4.15E-01,1,1
1894,1894,-40,-40.744,7.44E-01,1,1
1895,1895,-40,-41.06,1.06E+00,1,1
1896,1896,-40,-41.367,1.37E+00,1,1
1897,1897,-40.375,-41.673,1.30E+00,1,1
1898,1898,-41,-41.964,9.64E-01,1,1
1899,1899,-41,-42.247,1.25E+00,1,1
1900,1900,-41,-42.524,1.52E+00,1,1
1901,1901,-41,-42.796,1.80E+00,1,1
1902,1902,-41.75,-43.07,1.32E+00,1,1
1903,1903,-42,-43.331,1.33E+00,1,1
1904,1904,-42,-43.591,1.59E+00,1,1
1905,1905,-42,-43.846,1.85E+00,1,1
1906,1906,-42,-44.094,2.09E+00,1,1
1907,1907,-42,-44.339,2.34E+00,1,1
1908,1908,-42,-44.578,2.58E+00,1,1
1909,1909,-42,-44.811,2.81E+00,1,1
1910,1910,-42,-45.036,3.04E+00,1,1
1911,1911,-42,-45.255,3.26E+00,1,1
1912,1912,-42,-45.467,3.47E+00,1,1
1913,1913,-42,-45.669,3.67E+00,1,1
1914,1914,-42.5,-45.864,3.36E+00,1,1
1915,1915,-43,-46.056,3.06E+00,1,1
1916,1916,-43,-46.246,3.25E+00,1,1
1917,1917,-43,-46.435,3.44E+00,1,1
1918,1918,-43,-46.623,3.62E+00,1,1
1919,1919,-43.25,-46.811,3.56E+00,1,1
1920,1920,-44,-46.999,3.00E+00,1,1
1921,1921,-44,-47.189,3.19E+00,1,1
1922,1922,-44,-47.38,3.38E+00,1,1
1923,1923,-44.125,-47.57,3.45E+00,1,1
1924,1924,-44.875,-47.762,2.89E+00,1,1
1925,1925,-45,-47.958,2.96E+00,1,1
1926,1926,-45,-48.156,3.16E+00,1,1
1927,1927,-45.875,-48.355,2.48E+00,1,1
1928,1928,-46,-48.555,2.55E+00,1,1
1929,1929,-46,-48.755,2.76E+00,1,1
1930,1930,-46,-48.959,2.96E+00,1,1
1931,1931,-46,-49.167,3.17E+00,1,1
1932,1932,-46,-49.376,3.38E+00,1,1
1933,1933,-46,-49.584,3.58E+00,1,1
1934,1934,-46,-49.793,3.79E+00,1,1
1935,1935,-46,-50.002,4.00E+00,1,1
1936,1936,-46,-50.209,4.21E+00,1,1
1937,1937,-46,-50.412,4.41E+00,1,1
1938,1938,-46,-50.612,4.61E+00,1,1
1939,1939,-46,-50.807,4.81E+00,1,1
1940,1940,-46,-51.003,5.00E+00,1,1
1941,1941,-46,-51.195,5.20E+00,1,1
1942,1942,-46,-51.383,5.38E+00,1,1
1943,1943,-46,-51.569,5.57E+00,1,1
1944,1944,-46,-51.751,5.75E+00,1,1
1945,1945,-46.25,-51.929,5.68E+00,1,1
1946,1946,-47,-52.009,5.01E+00,1,1
1947,1947,-47,-50.941,3.94E+00,1,1
1948,1948,-47,-48.778,1.78E+00,1,1
1949,1949,-47,-48.457,1.46E+00,1,1
1950,1950,-47,-48.689,1.69E+00,1,1
1951,1951,-47,-49.055,2.05E+00,1,1
1952,1952,-47,-49.447,2.45E+00,1,1
1953,1953,-47.875,-49.832,1.96E+00,1,1
1954,1954,-48,-50.202,2.20E+00,1,1
1955,1955,-47.75,-50.55,2.80E+00,1,1
1956,1956,-47.125,-50.878,3.75E+00,1,1
1957,1957,-47.875,-51.19,3.31E+00,1,1
1958,1958,-48,-51.493,3.49E+00,1,1
1959,1959,-48,-51.776,3.78E+00,1,1
1960,1960,-48,-52.046,4.05E+00,1,1
1961,1961,-48,-52.305,4.31E+00,1,1
1962,1962,-48,-52.554,4.55E+00,1,1
1963,1963,-48,-52.795,4.79E+00,1,1
1964,1964,-48,-53.027,5.03E+00,1,1
1965,1965,-48,-53.059,5.06E+00,1,1
1966,1966,-48,-52.805,4.80E+00,1,1
1967,1967,-48,-52.855,4.86E+00,1,1
1968,1968,-48,-53.04,5.04E+00,1,1
1969,1969,-48,-53.261,5.26E+00,1,1
1970,1970,-48,-53.492,5.49E+00,1,1
1971,1971,-48.25,-53.72,5.47E+00,1,1
1972,1972,-49,-53.941,4.94E+00,1,1
1973,1973,-49,-54.157,5.16E+00,1,1
1974,1974,-49.5,-54.362,4.86E+00,1,1
1975,1975,-50,-54.56,4.56E+00,1,1
1976,1976,-50,-54.753,4.75E+00,1,1
1977,1977,-50,-54.935,4.93E+00,1,1
1978,1978,-50,-55.107,5.11E+00,1,1
1979,1979,-50,-55.273,5.27E+00,1,1
1980,1980,-50,-55.43,5.43E+00,1,1
1981,1981,-50,-55.58,5.58E+00,1,1
1982,1982,-50,-55.724,5.72E+00,1,1
1983,1983,-50,-55.862,5.86E+00,1,1
1984,1984,-50,-55.993,5.99E+00,1,1
1985,1985,-49.625,-55.258,5.63E+00,1,1
1986,1986,-49,-51.032,2.03E+00,1,1
1987,1987,-46.625,-45.771,-8.54E-01,1,1
1988,1988,-43.25,-44.394,1.14E+00,1,1
1989,1989,-42.125,-42.815,6.90E-01,1,1
1990,1990,-32.25,-38.662,6.41E+00,1,1
1991,1991,-18,-33.828,1.58E+01,1,1
1992,1992,-10.75,-32.774,2.20E+01,1,1
1993,1993,-18.875,-34.598,1.57E+01,1,1
1994,1994,-23.875,-36.186,1.23E+01,1,1
1995,1995,-27.25,-37.436,1.02E+01,1,1
1996,1996,-30.25,-38.288,8.04E+00,1,1
1997,1997,-32.5,-38.851,6.35E+00,1,1
1998,1998,-34.5,-39.246,4.75E+00,1,1
1999,1999,-36.125,-39.519,3.39E+00,1,1
2000,2000,-37.5,-39.713,2.21E+00,1,1
2001,2001,-38.25,-39.887,1.64E+00,1,1
2002,2002,-39,-40.063,1.06E+00,1,1
2003,2003,-39.75,-40.247,4.97E-01,1,1
2004,2004,-40,-40.454,4.54E-01,1,1
2005,2005,-40,-40.688,6.88E-01,1,1
2006,2006,-40,-40.707,7.07E-01,1,1
2007,2007,-40,-39.829,-1.71E-01,1,1
2008,2008,-40,-38.083,-1.92E+00,1,1
2009,2009,-38.25,-35.517,-2.73E+00,1,1
2010,2010,-27.25,-32.299,5.05E+00,1,1
2011,2011,-14.25,-30.397,1.61E+01,1,1
2012,2012,-7.333,-28.369,2.10E+01,1,1
2013,2013,-2,-25.953,2.40E+01,1,1
2014,2014,1.25,-24.949,2.62E+01,1,1
2015,2015,1.25,-25.059,2.63E+01,1,1
2016,2016,-3,-24.987,2.20E+01,1,1
2017,2017,-7.375,-24.509,1.71E+01,1,1
2018,2018,-9.5,-24.037,1.45E+01,1,1
