,year,month,day,Precipitation,Tmax,Tmin,RHmax,RHmin,V_wind,julian,ETP
1,2020,5,1,11.5,5.8,2.7,100,84,11.5833333333333,122,1.87836607681639
2,2020,5,2,0,12.9,1.6,89,39,11.0833333333333,123,3.04192361594491
3,2020,5,3,4.2,5.9,0.9,99,74,6.70833333333333,124,2.08514633211446
4,2020,5,4,0.2,7.3,2.3,95,57,20.9583333333333,125,2.19692884514836
5,2020,5,5,0,10.1,-0.2,90,48,17.4583333333333,126,2.83926587921894
6,2020,5,6,0,10,-1.2,78,26,15.7916666666667,127,2.92755226336502
7,2020,5,7,0.7,11.2,-2.5,93,31,14.875,128,3.2327829319753
8,2020,5,8,1,3.5,-4.2,94,45,19.5416666666667,129,2.25365292523882
9,2020,5,9,0.3,3.1,-5.5,85,61,19.2916666666667,130,2.32135738956362
10,2020,5,10,0,5.5,-1.8,83,58,27,131,2.3880915779647
11,2020,5,11,0,2.7,-3.6,72,33,20.0416666666667,132,2.14135085042236
12,2020,5,12,0,4.4,-6.2,69,32,15.875,133,2.62663067421225
13,2020,5,13,0,8.9,-6,79,22,18.3333333333333,134,3.29352662420795
14,2020,5,14,0,16.1,-2.2,63,13,9.95833333333333,135,4.06083438315753
15,2020,5,15,0,14.4,2.4,77,36,7.16666666666667,136,3.44414974193507
16,2020,5,16,0,19.1,3.7,81,25,13.9166666666667,137,4.0481685997683
17,2020,5,17,0,13.1,1.3,85,18,16.6666666666667,138,3.37528696444358
18,2020,5,18,0,13.6,-1,63,21,17.0416666666667,139,3.65570095248923
19,2020,5,19,0,18.1,-1.1,75,22,6.25,140,4.34510678933847
20,2020,5,20,0,24,-0.7,88,17,8.66666666666667,141,5.19980080947298
21,2020,5,21,0,27.3,6.9,68,19,20.9583333333333,142,5.07167945654829
22,2020,5,22,0,19.4,7.3,75,15,17.875,143,3.88313928350202
23,2020,5,23,0,15,0.9,73,25,8.5,144,3.77657695264614
24,2020,5,24,0,26.3,-0.6,85,20,12.75,145,5.58648923574421
25,2020,5,25,0,19,12.4,95,36,9.95833333333333,146,3.43967301407483
26,2020,5,26,0.8,22,14.1,99,78,6.70833333333333,147,3.75472527848211
27,2020,5,27,0,29.6,14.6,95,58,10.0833333333333,148,4.84974312941441
28,2020,5,28,0,31.3,16.5,100,39,13.375,149,4.95492377695221
29,2020,5,29,0.7,25.6,12.1,98,65,19.5,150,4.48736454082613
30,2020,5,30,0,11.8,5.1,94,65,21.5416666666667,151,3.03636285042599
31,2020,5,31,0,8.6,2,86,44,18.3333333333333,152,2.83001624480201
32,2020,6,1,0,11.8,1.3,91,39,8.66666666666667,153,3.37122237265885
33,2020,6,2,0,16.8,-0.2,92,36,6.70833333333333,154,4.24477899234345
34,2020,6,3,0,17,3.3,83,25,15,155,3.99248397182756
35,2020,6,4,0,18.8,7.4,80,36,22.0416666666667,156,3.92673528868567
36,2020,6,5,0,20,10.1,91,44,11.4166666666667,157,3.88793103006924
37,2020,6,6,0,16.5,8,96,58,9.04166666666667,158,3.55146939267784
38,2020,6,7,0,16.9,6.3,80,44,15,159,3.7585486827281
39,2020,6,8,0,18.5,4.1,89,31,15.9166666666667,160,4.18426731592089
40,2020,6,9,0,20.2,7.3,73,24,11.75,161,4.17612381740765
41,2020,6,10,0.7,23.4,3.5,96,40,16.1666666666667,162,4.97051682175631
42,2020,6,11,0,25.8,13.5,94,42,27.5,163,4.50064507291739
43,2020,6,12,0,16.9,7.7,78,49,19.5416666666667,164,3.66930742419082
44,2020,6,13,0,15.4,5.9,83,37,14.4166666666667,165,3.60070283819406
45,2020,6,14,0,18.3,1.5,89,35,8.125,166,4.39863038683173
46,2020,6,15,0,23.3,2.4,94,28,7.875,167,5.06698925126751
47,2020,6,16,0,28.4,7.7,87,27,12.0833333333333,168,5.38447872189833
48,2020,6,17,0,30.8,14.6,77,39,11.5,169,5.16909819833139
49,2020,6,18,0,33.7,19.4,74,30,16.875,170,5.20154718936428
50,2020,6,19,0,33,19.5,62,27,14.7083333333333,171,5.09082531296826
51,2020,6,20,0,29.6,17,90,51,8.75,172,4.79583229627523
52,2020,6,21,0,31.5,13.2,93,40,10.2083333333333,173,5.39266797556812
53,2020,6,22,5.2,29.7,16.7,96,51,8.20833333333333,174,4.83553229627523
54,2020,6,23,0.9,29,16,100,59,7.375,175,4.78932531296826
55,2020,6,24,12,25.8,17.3,99,50,17.9166666666667,176,4.20664718936427
56,2020,6,25,0,18.4,12.5,90,67,19.5,177,3.50819819833139
57,2020,6,26,2.7,20.8,13.9,96,61,11.125,178,3.74507872189833
58,2020,6,27,6.8,20.8,11.3,100,80,4.16666666666667,179,3.95828925126751
59,2020,6,28,0,24,15.5,100,66,4.91666666666667,180,4.08023038683173
60,2020,6,29,0,24.6,16.2,97,63,5.25,181,4.10740283819406
61,2020,6,30,0,27.8,12.8,99,49,6.66666666666667,182,4.85920742419082
62,2020,7,1,0,31,13.8,98,38,7.875,183,5.24534507291739
63,2020,7,2,0,26.3,14.3,98,53,10.5,184,4.50331682175631
64,2020,7,3,0,26.1,11.8,97,33,10.875,185,4.67582381740765
65,2020,7,4,0,25.3,11.2,79,29,12.0416666666667,186,4.60136731592089
66,2020,7,5,0,26.4,11,89,32,9.33333333333333,187,4.7744486827281
67,2020,7,6,0,24.5,7.9,96,36,7.91666666666667,188,4.74376939267784
68,2020,7,7,5.8,19.1,13.3,99,69,10.625,189,3.48913103006924
69,2020,7,8,1.5,26.7,15.7,100,62,5.83333333333333,190,4.40703528868567
70,2020,7,9,0,30,13.7,100,46,5.66666666666667,191,5.05328397182756
71,2020,7,10,0.3,33.9,16.9,99,43,9.875,192,5.35627899234345
72,2020,7,11,10.1,27.9,20.1,99,65,10.8333333333333,193,4.19362237265885
73,2020,7,12,23.4,21.9,18.2,98,82,18.3333333333333,194,3.45381624480201
74,2020,7,13,0,21.5,17.4,91,69,9.70833333333333,195,3.45106285042599
75,2020,7,14,0,23.6,13.9,92,55,6.83333333333333,196,4.04196454082613
76,2020,7,15,0,24,8.8,96,45,10.5416666666667,197,4.51362377695221
77,2020,7,16,3.1,21.7,16.7,96,68,14,198,3.50624312941441
78,2020,7,17,50,22,16.8,99,77,11.125,199,3.53062527848211
79,2020,7,18,0,26.9,16.2,100,45,6.5,200,4.29347301407483
80,2020,7,19,13.8,23.6,16.5,99,84,9.83333333333333,201,3.76758923574421
81,2020,7,20,0,24.1,12.6,98,59,20.75,202,4.15227695264614
82,2020,7,21,0,23,11.3,91,50,13.3333333333333,203,4.08393928350202
83,2020,7,22,2.4,24.6,11.2,95,49,6.375,204,4.31517945654829
84,2020,7,23,0.7,24.5,15,99,46,5.95833333333333,205,3.97070080947298
85,2020,7,24,0,27.6,14.1,91,43,10.6666666666667,206,4.48950678933847
86,2020,7,25,13.6,25.5,15.9,98,57,9.125,207,4.01420095248923
87,2020,7,26,10.3,24.9,18.2,99,80,6.70833333333333,208,3.71898696444358
88,2020,7,27,11.5,25.6,16.8,100,79,6.33333333333333,209,3.9228685997683
89,2020,7,28,1.7,27,17.7,100,54,11.125,210,4.03904974193507
90,2020,7,29,15.2,22.1,13.6,99,77,8.08333333333333,211,3.63743438315753
91,2020,7,30,0,21.9,12.7,100,68,6.25,212,3.66542662420795
92,2020,7,31,5.7,24.7,14.2,99,62,8.33333333333333,213,3.93783067421225
93,2020,8,1,0,28.4,13,98,46,4.41666666666667,214,4.56715085042236
94,2020,8,2,19.6,27.2,13.8,99,64,7.83333333333333,215,4.3048915779647
95,2020,8,3,17.6,21.8,15.3,99,72,16.6666666666667,216,3.36255738956362
96,2020,8,4,4.3,21.6,13,98,74,7.33333333333333,217,3.50485292523882
97,2020,8,5,29.7,22.7,15.6,99,65,16.5833333333333,218,3.4324829319753
98,2020,8,6,0,22.3,13.1,94,48,22,219,3.56105226336502
99,2020,8,7,0,25.3,10.5,98,59,5.04166666666667,220,4.20076587921894
100,2020,8,8,0,27.3,12.4,99,54,8.95833333333333,221,4.31862884514836
101,2020,8,9,0,26.7,14.7,91,58,10.4166666666667,222,4.01814633211446
102,2020,8,10,0,27.1,13.3,97,57,10.0833333333333,223,4.17242361594491
103,2020,8,11,0.9,26.6,17.9,98,66,11.2916666666667,224,3.69516607681639
104,2020,8,12,0,26.9,12.5,99,49,8,225,4.16597919870214
105,2020,8,13,0,22.1,12.7,93,49,12.2916666666667,226,3.41686856878313
106,2020,8,14,0,25.6,11.6,94,44,7.16666666666667,227,4.00373987682216
107,2020,8,15,0.2,24.3,10.3,97,44,7.25,228,3.89649891449958
108,2020,8,16,0,26.4,10.5,98,46,9.83333333333333,229,4.16765157470974
109,2020,8,17,2.9,22.9,11.5,98,55,9.16666666666667,230,3.54330385081723
110,2020,8,18,13.8,17.9,10.4,100,76,7.375,231,2.87096183587174
111,2020,8,19,0,15.8,11.1,94,74,18.9166666666667,232,2.47813172178086
112,2020,8,20,0,20.1,8.9,94,48,11.5833333333333,233,3.27291979843968
113,2020,8,21,0,20.2,10.7,96,42,8.08333333333333,234,3.11383245281646
114,2020,8,22,0,22.2,6.5,97,45,5.04166666666667,235,3.73367616799345
115,2020,8,23,0,23.5,11.4,96,51,10.1666666666667,236,3.49435752216195
116,2020,8,24,0,23,8.5,96,45,8.54166666666667,237,3.6357831875711
117,2020,8,25,23.9,17.9,9.7,97,63,18.25,238,2.75585992942927
118,2020,8,26,0,13.8,8.2,88,45,23,239,2.24779460475764
119,2020,8,27,0,17.5,7.8,85,55,18.0833333333333,240,2.80259416119518
120,2020,8,28,0,18.1,8.1,90,46,14.625,241,2.8402656357543
121,2020,8,29,2.6,16.5,4.8,99,58,8.20833333333333,242,2.85091615352678
122,2020,8,30,13.9,14.1,9,96,70,13.4583333333333,243,2.12045292633925
123,2020,8,31,0.2,17.3,6.9,94,48,7.875,244,2.74148325135776
124,2020,9,1,0,22.4,5.7,99,55,10.7916666666667,245,3.56881450964102
125,2020,9,2,15.7,19.8,13.4,99,81,16.5833333333333,246,2.51765416464183
126,2020,9,3,0,20.6,11.7,96,57,11.75,247,2.74970976065638
127,2020,9,4,0,17.8,8.7,90,47,22.75,248,2.55668892122104
128,2020,9,5,0.6,16.8,5.9,94,55,13.5,249,2.61329934745642
129,2020,9,6,8.6,15.9,3.9,99,64,6.125,250,2.61814881635841
130,2020,9,7,2.8,19.2,4.2,99,62,17.9583333333333,251,3.05354517903616
131,2020,9,8,0,16,6.4,91,47,14.25,252,2.36909635889668
132,2020,9,9,0,11.7,7.5,96,72,4.83333333333333,253,1.61301034977614
133,2020,9,10,13.7,10.5,4.2,100,77,10,254,1.68079521401786
134,2020,9,11,0,15.6,1.1,100,54,7.95833333333333,255,2.66425908049695
135,2020,9,12,0,18.8,3.6,99,58,9.91666666666667,256,2.90161014259168
136,2020,9,13,11.8,16.2,11.6,95,74,16.375,257,1.82395665610191
137,2020,9,14,0,12.5,4.5,91,49,23.9583333333333,258,1.83670693711449
138,2020,9,15,0,11.8,2.4,93,52,8.375,259,1.87836935981624
139,2020,9,16,24.7,18.3,7.1,99,72,17.0833333333333,260,2.4211523542545
140,2020,9,17,0,9.9,0.1,90,39,16.5833333333333,261,1.72976440404587
141,2020,9,18,0,10.1,-0.1,88,46,12.7083333333333,262,1.74671404403344
142,2020,9,19,0,9.2,0.1,92,46,13.25,263,1.56760985789307
143,2020,9,20,0,12.5,-2.4,97,36,5.83333333333333,264,2.23416047568918
144,2020,9,21,0,17.9,-1.9,97,50,7.91666666666667,265,2.96247457138083
145,2020,9,22,0,17.2,0.7,100,55,6.5,266,2.61366086027852
146,2020,9,23,0,17.9,7.2,95,70,14.2083333333333,267,2.14832809645263
147,2020,9,24,0,12.3,2,93,50,18.25,268,1.7216850700942
148,2020,9,25,0,13.2,-1.4,97,49,5.20833333333333,269,2.10764060482881
149,2020,9,26,3.3,23,2.7,98,58,10.9166666666667,270,3.18830355498467
150,2020,9,27,1.6,23,12.9,100,59,10.3333333333333,271,2.31228280281558
151,2020,9,28,0,23.2,13.8,98,74,8.04166666666667,272,2.23778725568003
152,2020,9,29,1.8,20,13,100,67,14.5416666666667,273,1.80122584317729
153,2020,9,30,26.9,12.5,7.2,100,77,12.5833333333333,274,1.14330751424178
